wallet_id,contract_name,symbol,balance,quote_rate,value_usd
0x0039f22efb07a647557c7c5d17854cfd6d489ef3,USD Coin,USDC,22932.920268,1.0,22932.92
0x0039f22efb07a647557c7c5d17854cfd6d489ef3,Ether,ETH,4.134198314575789,3739.595,15460.228
0x0039f22efb07a647557c7c5d17854cfd6d489ef3,Staked Frax Ether,sfrxETH,0.9531241164019361,4212.079,4014.6343
0x0039f22efb07a647557c7c5d17854cfd6d489ef3,TornadoCash,TORN,85.96624319018275,11.52,990.3312
0x0039f22efb07a647557c7c5d17854cfd6d489ef3,Wrapped Ether,WETH,0.16919492070989506,3739.99,632.7873
0x0039f22efb07a647557c7c5d17854cfd6d489ef3,Maker,MKR,0.1499999687558922,2269.982,340.49722
0x0039f22efb07a647557c7c5d17854cfd6d489ef3,Compound,COMP,1.596879999310044,48.68,77.73612
0x0039f22efb07a647557c7c5d17854cfd6d489ef3,Graph Token,GRT,685.0,0.10413,71.32905
0x0039f22efb07a647557c7c5d17854cfd6d489ef3,SushiToken,SUSHI,32.187607572085334,0.896,28.840097
0x0039f22efb07a647557c7c5d17854cfd6d489ef3,Decentraland MANA,MANA,78.975,0.316,24.9561
0x0039f22efb07a647557c7c5d17854cfd6d489ef3,Tether USD,USDT,22.248778,1.0,22.248777
0x0039f22efb07a647557c7c5d17854cfd6d489ef3,Livepeer Token,LPT,2.139716951076395,6.893,14.749069
0x0039f22efb07a647557c7c5d17854cfd6d489ef3,0x Protocol Token,ZRX,15.0,0.27,4.05
0x0039f22efb07a647557c7c5d17854cfd6d489ef3,Paint,PAINT,193537.0,8.6286e-06,1.6699533
0x0039f22efb07a647557c7c5d17854cfd6d489ef3,FunFair,FUN,57.0,0.0134535,0.7668495
0x0039f22efb07a647557c7c5d17854cfd6d489ef3,LoopringCoin V2,LRC,5.0,0.092059,0.46029502
0x0039f22efb07a647557c7c5d17854cfd6d489ef3,Liquid staked Ether 2.0,stETH,9.3074272453421e-05,3733.578,0.34750006
0x0039f22efb07a647557c7c5d17854cfd6d489ef3,Salt,SALT,7.000123,0.0146471,0.1025315
0x0039f22efb07a647557c7c5d17854cfd6d489ef3,Streamr (old),XDATA,0.7404446046212745,0.0176706,0.013084101
0x0039f22efb07a647557c7c5d17854cfd6d489ef3,Arcona Distribution Contract,ARCONA,1.0,0.0040804,0.0040804
0x0039f22efb07a647557c7c5d17854cfd6d489ef3,Compound Dai,cDAI,8.556e-05,0.02475,2.11761e-06
0x0039f22efb07a647557c7c5d17854cfd6d489ef3,Metis Token,Metis,2.558945473e-09,17.532,4.486343e-08
0x0039f22efb07a647557c7c5d17854cfd6d489ef3,Curve DAO Token,CRV,2.878e-15,1.07,3.07946e-15
0x0039f22efb07a647557c7c5d17854cfd6d489ef3,TrueUSD,TUSD,0.0,0.999,0.0
0x0039f22efb07a647557c7c5d17854cfd6d489ef3,STAKE,STAKE,0.0,0.13,0.0
0x0039f22efb07a647557c7c5d17854cfd6d489ef3,PoolTogether,POOL,0.0,0.304,0.0
0x0039f22efb07a647557c7c5d17854cfd6d489ef3,Wrapped NXM,wNXM,0.0,74.62,0.0
0x0039f22efb07a647557c7c5d17854cfd6d489ef3,1INCH Token,1INCH,0.0,0.277,0.0
0x0039f22efb07a647557c7c5d17854cfd6d489ef3,Uniswap,UNI,0.0,10.43,0.0
0x0039f22efb07a647557c7c5d17854cfd6d489ef3,Wrapped BTC,WBTC,0.0,117442.0,0.0
0x0039f22efb07a647557c7c5d17854cfd6d489ef3,Compound USD Coin,cUSDC,0.0,0.025048,0.0
0x0039f22efb07a647557c7c5d17854cfd6d489ef3,BlackPearl Token,BPLC,0.0,1.5704e-09,0.0
0x0039f22efb07a647557c7c5d17854cfd6d489ef3,Boba Token,BOBA,0.0,0.10301,0.0
0x0039f22efb07a647557c7c5d17854cfd6d489ef3,Compound Ether,cETH,0.0,75.181,0.0
0x0039f22efb07a647557c7c5d17854cfd6d489ef3,Fantom Token,FTM,0.0,0.331,0.0
0x0039f22efb07a647557c7c5d17854cfd6d489ef3,ChainLink Token,LINK,0.0,18.251,0.0
0x0039f22efb07a647557c7c5d17854cfd6d489ef3,Synth sUSD,sUSD,0.0,0.93,0.0
0x0039f22efb07a647557c7c5d17854cfd6d489ef3,Synth sETH,sETH,0.0,3429.997,0.0
0x0039f22efb07a647557c7c5d17854cfd6d489ef3,Dai Stablecoin,DAI,0.0,1.0,0.0
0x0039f22efb07a647557c7c5d17854cfd6d489ef3,Curve.fi DAI/USDC/USDT,3Crv,0.0,1.04,0.0
0x0039f22efb07a647557c7c5d17854cfd6d489ef3,Swerve.fi DAI/USDC/USDT/TUSD,swUSD,0.0,1.06,0.0
0x0039f22efb07a647557c7c5d17854cfd6d489ef3,Dai Stablecoin v1.0,DAI,0.0,19.632,0.0
0x0039f22efb07a647557c7c5d17854cfd6d489ef3,Polymath,POLY,0.0,0.067303,0.0
0x0039f22efb07a647557c7c5d17854cfd6d489ef3,Aave Interest bearing USDC,aUSDC,0.0,1.0,0.0
0x0039f22efb07a647557c7c5d17854cfd6d489ef3,CRO,CRO,0.0,0.133,0.0
0x0039f22efb07a647557c7c5d17854cfd6d489ef3,BOB,BOB,0.0,1.0,0.0
0x0039f22efb07a647557c7c5d17854cfd6d489ef3,Ethereum Name Service,ENS,0.0,30.443,0.0
0x0039f22efb07a647557c7c5d17854cfd6d489ef3,Curve.fi DAI/USDC/USDT/sUSD,crvPlain3andSUSD,0.0,1.08,0.0
0x0039f22efb07a647557c7c5d17854cfd6d489ef3,Cindicator Token,CND,0.0,0.0001525,0.0
0x0039f22efb07a647557c7c5d17854cfd6d489ef3,Utrust Token,UTK,0.0,0.0312724,0.0
0x0039f22efb07a647557c7c5d17854cfd6d489ef3,Kyber Network Crystal,KNC,0.0,0.431,0.0
0x0039f22efb07a647557c7c5d17854cfd6d489ef3,Gitcoin,GTC,0.0,0.295,0.0
0x0039f22efb07a647557c7c5d17854cfd6d489ef3,Chi Gastoken by 1inch,CHI,0.0,,
0x0039f22efb07a647557c7c5d17854cfd6d489ef3,Eden Coin,EDN,1.0,,
0x0039f22efb07a647557c7c5d17854cfd6d489ef3,yearn.fuel,YFUEL,10.0,,
0x0039f22efb07a647557c7c5d17854cfd6d489ef3,Public Goods,PUBG,2.0,,
0x0039f22efb07a647557c7c5d17854cfd6d489ef3,Play0x.com All ERC20 betting game,Play0x.com All ERC20 betting game,777.0,,
0x0039f22efb07a647557c7c5d17854cfd6d489ef3,BitClave,CAT,1.0,,
0x0039f22efb07a647557c7c5d17854cfd6d489ef3,baseprotocol.org,BASE,1.0,,
0x0039f22efb07a647557c7c5d17854cfd6d489ef3,Free Roman Storm,FREEROMAN,210345000000.0,,
0x0039f22efb07a647557c7c5d17854cfd6d489ef3,MargiX,MGX,10.0,,
0x0039f22efb07a647557c7c5d17854cfd6d489ef3,Dragonereum Gold,GOLD,0.0,,
0x0039f22efb07a647557c7c5d17854cfd6d489ef3,Algory,ALG,0.0,,
0x0039f22efb07a647557c7c5d17854cfd6d489ef3,Bitcoin Boutique,BTQ,100.0,,
0x0039f22efb07a647557c7c5d17854cfd6d489ef3,yieldfarming.insure,SAFE,4.7810147022931e-05,,
0x0039f22efb07a647557c7c5d17854cfd6d489ef3,EthBits ETBS Token,ETBS,25.31557282,,
0x0039f22efb07a647557c7c5d17854cfd6d489ef3,Roman Token,MMR,111.0,,
0x0039f22efb07a647557c7c5d17854cfd6d489ef3,YopoToken https://eos.vin,YOPO,12.0,,
0x0039f22efb07a647557c7c5d17854cfd6d489ef3,https://findtherabbit.me,findtherabbit.me,2.0,,
0x0039f22efb07a647557c7c5d17854cfd6d489ef3,GUNTHY,GUNTHY,0.5,,
0x0039f22efb07a647557c7c5d17854cfd6d489ef3,SushiSwap LP Token,SLP,0.0,,
0x0039f22efb07a647557c7c5d17854cfd6d489ef3,BEB公有链VPOW投票官方负责兜底回购,uxtw.com$0.02回购,16888.0,,
0x0039f22efb07a647557c7c5d17854cfd6d489ef3,TornadoCash voucher for early adopters,vTORN,0.0,,
0x0039f22efb07a647557c7c5d17854cfd6d489ef3,Play0x.com get free ETH and 0xC,Play0x.com get free ETH and 0xC,777.0,,
0x0039f22efb07a647557c7c5d17854cfd6d489ef3,MobileGo Token,MGO,50.0,,
0x0039f22efb07a647557c7c5d17854cfd6d489ef3,Dollar,USD,10000.0,,
0x0039f22efb07a647557c7c5d17854cfd6d489ef3,OCoin,OCN,6.0,,
0x0039f22efb07a647557c7c5d17854cfd6d489ef3,biubiu.tools,biubiu.tools,22725.0,,
0x0039f22efb07a647557c7c5d17854cfd6d489ef3,Pool Dai,plDai,0.0,,
0x0039f22efb07a647557c7c5d17854cfd6d489ef3,MularPay,MP,12.0,,
0x0039f22efb07a647557c7c5d17854cfd6d489ef3,Amber Token,AMB,0.1,,
0x0039f22efb07a647557c7c5d17854cfd6d489ef3,VIU,VIU,1839.7850231750779,,
0x0039f22efb07a647557c7c5d17854cfd6d489ef3,Dogemos,DAWG,1337.0,,
0x0039f22efb07a647557c7c5d17854cfd6d489ef3,eWit,EWIT,4725.673087237,,
0x0039f22efb07a647557c7c5d17854cfd6d489ef3,环球股,HQG,0.0001,,
0x0039f22efb07a647557c7c5d17854cfd6d489ef3,Dummy,DummyNorn,68526.50609197814,,
0x0039f22efb07a647557c7c5d17854cfd6d489ef3,MADToken,MAD,0.0,,
0x0039f22efb07a647557c7c5d17854cfd6d489ef3,Cryptoxygen,OXY2,12.0,,
0x0039f22efb07a647557c7c5d17854cfd6d489ef3,POA ERC20 on Foundation,POA20,0.0,,
0x0039f22efb07a647557c7c5d17854cfd6d489ef3,revelation.finance,ADAO,0.01,,
0x0039f22efb07a647557c7c5d17854cfd6d489ef3,WARNING: Poisoning Attack,Web3Antivirus,1.0,,
0x0039f22efb07a647557c7c5d17854cfd6d489ef3,Unipig,PIGI,3.0,,
0x0039f22efb07a647557c7c5d17854cfd6d489ef3,Azbit,AZ,8888.0,,
0x0039f22efb07a647557c7c5d17854cfd6d489ef3,Ethbits,ETB,25.31025752,,
0x0039f22efb07a647557c7c5d17854cfd6d489ef3,USDCentre.com,USDCentre.com,12500.0,,
0x0039f22efb07a647557c7c5d17854cfd6d489ef3,Eden Coin,EDN,1.0,,
0x0039f22efb07a647557c7c5d17854cfd6d489ef3,Ethearnal Rep Token,ERT,10.0,,
0x0039f22efb07a647557c7c5d17854cfd6d489ef3,DataWallet Token,DXT,74646.0,,
0x0039f22efb07a647557c7c5d17854cfd6d489ef3,,,0.0,,
0x0039f22efb07a647557c7c5d17854cfd6d489ef3,Aragon Network Token,ANT,0.0,,
0x0039f22efb07a647557c7c5d17854cfd6d489ef3,1inch Liquidity Pool (ETH-TORN),1LP-ETH-TORN,0.0,,
0x0039f22efb07a647557c7c5d17854cfd6d489ef3,SONM Token,SNM,0.000428,,
0x0039f22efb07a647557c7c5d17854cfd6d489ef3,HighCastle Token,AIMS,4969.9766,,
0x0039f22efb07a647557c7c5d17854cfd6d489ef3,Aurora,AOA,9.0,,
0x0039f22efb07a647557c7c5d17854cfd6d489ef3,Yearn Lazy Ape Index,YLA,0.000887388376443611,,
0x0039f22efb07a647557c7c5d17854cfd6d489ef3,fck.com FCK,fck.com FCK,10000.0,,
0x0039f22efb07a647557c7c5d17854cfd6d489ef3,luck100.win,luck100.win,99999.9999,,
0x0039f22efb07a647557c7c5d17854cfd6d489ef3,Shiba v2 Limited,SHIBA2,100.52773122,,
0x0039f22efb07a647557c7c5d17854cfd6d489ef3,Ethercash（以太现金）,ETHS,1.0,,
0x0039f22efb07a647557c7c5d17854cfd6d489ef3,Uniswap V2,UNI-V2,0.0,,
0x0039f22efb07a647557c7c5d17854cfd6d489ef3,ANDROTTWEILER,ANDROT,50000.0,,
0x0039f22efb07a647557c7c5d17854cfd6d489ef3,https://www.descentX.com - DSCX,DSCX,1000.0,,
0x0039f22efb07a647557c7c5d17854cfd6d489ef3,XENON,XNN,1042.0679130944384,,
0x0039f22efb07a647557c7c5d17854cfd6d489ef3,Scatter.cx,STT,4.0,,
0x0039f22efb07a647557c7c5d17854cfd6d489ef3,yearn Dai Stablecoin,yDAI,0.0,,
0x0039f22efb07a647557c7c5d17854cfd6d489ef3,Best Ether Tools: https://etherchain.tools,ECT,1027.14159265359,,
0x0039f22efb07a647557c7c5d17854cfd6d489ef3,Sphre AIR,XID,0.0,,
0x0039f22efb07a647557c7c5d17854cfd6d489ef3,SushiSwap LP Token,SLP,0.0,,
0x0039f22efb07a647557c7c5d17854cfd6d489ef3,PowH3D,P3D,3.0520467522180708,,
0x0039f22efb07a647557c7c5d17854cfd6d489ef3,Video Games Token,VGTN,1000.0,,
0x0039f22efb07a647557c7c5d17854cfd6d489ef3,Vtopia,Vtopia,1.0,,
0x0039f22efb07a647557c7c5d17854cfd6d489ef3,PRIA,PRIA,0.23412103760947764,,
0x0039f22efb07a647557c7c5d17854cfd6d489ef3,Swarm City Token,SWT,96.7,,
0x0039f22efb07a647557c7c5d17854cfd6d489ef3,BKEX.COM Token,bkex.com,2018.0611000000001,,
0x0039f22efb07a647557c7c5d17854cfd6d489ef3,Ebakus,EBK,19.906120369389367,,
0x0039f22efb07a647557c7c5d17854cfd6d489ef3,FIFA.win,FIFAmini,20180.614,,
0x0039f22efb07a647557c7c5d17854cfd6d489ef3,启动公链,betbeb.com,88888.0,,
0x0039f22efb07a647557c7c5d17854cfd6d489ef3,voucher,DummyVorn,0.0,,
0x0039f22efb07a647557c7c5d17854cfd6d489ef3,https://gwei.network/bulkTransfer,free bulk transfer tools for token,2.0,,
0x0039f22efb07a647557c7c5d17854cfd6d489ef3,https://multisender.app,https://multisender.app,243991539.0,,
0x0039f22efb07a647557c7c5d17854cfd6d489ef3,EMO tokens,EMO,26.0,,
0x0039f22efb07a647557c7c5d17854cfd6d489ef3,CoW Protocol Virtual Token,vCOW,27864.47731487764,,
0x0039f22efb07a647557c7c5d17854cfd6d489ef3,Free BOB Tokens - BobsRepair.com,BOBx,1499.9978567,,
0x0039f22efb07a647557c7c5d17854cfd6d489ef3,LpUniV3.com,LPUniV3.com,500.0,,
0x0039f22efb07a647557c7c5d17854cfd6d489ef3,Switch,ESH,0.0,,
0x0039f22efb07a647557c7c5d17854cfd6d489ef3,Jury.Online Token,JOT,0.5,,
0x0039f22efb07a647557c7c5d17854cfd6d489ef3,yearn Wrapped Ether,yWETH,0.0,,
0x0039f22efb07a647557c7c5d17854cfd6d489ef3,JAAGCoin,JAAG,0.0,,
0x0039f22efb07a647557c7c5d17854cfd6d489ef3,YDMAN,YDAMN,10.0,,
0x0039f22efb07a647557c7c5d17854cfd6d489ef3,empowr,EMPR,21.0,,
0x0039f22efb07a647557c7c5d17854cfd6d489ef3,,,0.0,,
0x0039f22efb07a647557c7c5d17854cfd6d489ef3,Pareto Network Token,PARETO,10.0,,
0x0039f22efb07a647557c7c5d17854cfd6d489ef3,SHIKOKU INU,SHIK,0.04986052,,
0x0039f22efb07a647557c7c5d17854cfd6d489ef3,TestDONTUSEBioCrypt,ttestBIO,999999874.55,,
0x0039f22efb07a647557c7c5d17854cfd6d489ef3,Tronix,TRX,35.0,,
0x0039f22efb07a647557c7c5d17854cfd6d489ef3,KuCoin Token,KCS,0.0,,
0x0039f22efb07a647557c7c5d17854cfd6d489ef3,VIN,VIN,7.77,,
0x0039f22efb07a647557c7c5d17854cfd6d489ef3,Gasless DAI,gDAI,5.5,,
0x0039f22efb07a647557c7c5d17854cfd6d489ef3,,,0.08,,
0x0039f22efb07a647557c7c5d17854cfd6d489ef3,Compound USDT,cUSDT,0.0,,
0x0039f22efb07a647557c7c5d17854cfd6d489ef3,Indorse Token,IND,1.0,,
0x0039f22efb07a647557c7c5d17854cfd6d489ef3,FaucetToken,FAU,10202580.048338212,,
0x0039f22efb07a647557c7c5d17854cfd6d489ef3,Kyber Genesis Token,KGT,1.0,,
0x06b51c6882b27cb05e712185531c1f74996dd988,Compound USD Coin,cUSDC,141.53257353,0.025048,3.545108
0x06b51c6882b27cb05e712185531c1f74996dd988,Ether,ETH,0.0,3739.595,0.0
0x06b51c6882b27cb05e712185531c1f74996dd988,USD Coin,USDC,0.0,1.0,0.0
0x0795732aacc448030ef374374eaae57d2965c16c,Ether,ETH,0.007001376,3739.595,26.18231
0x0795732aacc448030ef374374eaae57d2965c16c,Compound USD Coin,cUSDC,140.98157468,0.025048,3.5313065
0x0795732aacc448030ef374374eaae57d2965c16c,USD Coin,USDC,0.0,1.0,0.0
0x0aaa79f1a86bc8136cd0d1ca0d51964f4e3766f9,Threshold Network Token,T,1725206.6466946353,0.017381,29985.816
0x0aaa79f1a86bc8136cd0d1ca0d51964f4e3766f9,LQTY,LQTY,3254.07,1.17,3807.2617
0x0aaa79f1a86bc8136cd0d1ca0d51964f4e3766f9,Ether,ETH,0.0421659460813427,3739.595,157.68356
0x0aaa79f1a86bc8136cd0d1ca0d51964f4e3766f9,DerivaDAO,DDX,7114.66,0.0132964,94.599365
0x0aaa79f1a86bc8136cd0d1ca0d51964f4e3766f9,ROOK,ROOK,43.358,0.556,24.107048
0x0aaa79f1a86bc8136cd0d1ca0d51964f4e3766f9,Compound USD Coin,cUSDC,140.7445173,0.025048,3.5253687
0x0aaa79f1a86bc8136cd0d1ca0d51964f4e3766f9,Dai Stablecoin v1.0,DAI,0.06,19.632,1.17792
0x0aaa79f1a86bc8136cd0d1ca0d51964f4e3766f9,E-RADIX,eXRD,1.0,0.0075612,0.0075612
0x0aaa79f1a86bc8136cd0d1ca0d51964f4e3766f9,Coinbase Wrapped Staked ETH,cbETH,6.61657469547e-07,4122.075,0.002727402
0x0aaa79f1a86bc8136cd0d1ca0d51964f4e3766f9,KEEP Token,KEEP,0.00049,0.0831692,4.0752908e-05
0x0aaa79f1a86bc8136cd0d1ca0d51964f4e3766f9,NuCypher,NU,6.5721298885802e-05,0.0569479,3.74269e-06
0x0aaa79f1a86bc8136cd0d1ca0d51964f4e3766f9,Wrapped BTC,WBTC,0.0,117442.0,0.0
0x0aaa79f1a86bc8136cd0d1ca0d51964f4e3766f9,SushiToken,SUSHI,0.0,0.896,0.0
0x0aaa79f1a86bc8136cd0d1ca0d51964f4e3766f9,USD Coin,USDC,0.0,1.0,0.0
0x0aaa79f1a86bc8136cd0d1ca0d51964f4e3766f9,Amber Token,AMB,0.1,,
0x0aaa79f1a86bc8136cd0d1ca0d51964f4e3766f9,$  Evmosia.com,$  Evmosia.com,2500.0,,
0x0aaa79f1a86bc8136cd0d1ca0d51964f4e3766f9,! LQTY Reward | liquity-finance.com,Receive $LQTY at https://liquity-finance.com,7140.0,,
0x0aaa79f1a86bc8136cd0d1ca0d51964f4e3766f9,Uniswap V2,UNI-V2,0.0,,
0x0aaa79f1a86bc8136cd0d1ca0d51964f4e3766f9,+ $50 000 FOR FREE (E T H - B O N U S . C O M),$,50000.0,,
0x0fe383e5abc200055a7f391f94a5f5d1f844b9ae,Compound USD Coin,cUSDC,141.49726348,0.025048,3.5442235
0x0fe383e5abc200055a7f391f94a5f5d1f844b9ae,Ether,ETH,0.0,3739.595,0.0
0x0fe383e5abc200055a7f391f94a5f5d1f844b9ae,USD Coin,USDC,0.0,1.0,0.0
0x104ae61d8d487ad689969a17807ddc338b445416,Compound USD Coin,cUSDC,140.69894066,0.025048,3.5242271
0x104ae61d8d487ad689969a17807ddc338b445416,Ether,ETH,3.8059433349e-05,3739.595,0.14232686
0x104ae61d8d487ad689969a17807ddc338b445416,USD Coin,USDC,0.0,1.0,0.0
0x111c7208a7e2af345d36b6d4aace8740d61a3078,Ether,ETH,0.0,3739.595,0.0
0x111c7208a7e2af345d36b6d4aace8740d61a3078,Compound USD Coin,cUSDC,0.0,0.025048,0.0
0x111c7208a7e2af345d36b6d4aace8740d61a3078,USD Coin,USDC,0.0,1.0,0.0
0x124853fecb522c57d9bd5c21231058696ca6d596,Ether,ETH,0.001556249178283982,3739.595,5.8197417
0x124853fecb522c57d9bd5c21231058696ca6d596,Compound USD Coin,cUSDC,141.27889011,0.025048,3.5387537
0x124853fecb522c57d9bd5c21231058696ca6d596,Compound Ether,cETH,0.0,75.181,0.0
0x124853fecb522c57d9bd5c21231058696ca6d596,USD Coin,USDC,0.0,1.0,0.0
0x13b1c8b0e696aff8b4fee742119b549b605f3cbc,Ether,ETH,0.0087768984,3739.595,32.822044
0x13b1c8b0e696aff8b4fee742119b549b605f3cbc,Compound USD Coin,cUSDC,140.7207832,0.025048,3.5247743
0x13b1c8b0e696aff8b4fee742119b549b605f3cbc,USD Coin,USDC,0.0,1.0,0.0
0x1656f1886c5ab634ac19568cd571bc72f385fdf7,Ether,ETH,0.0,3739.595,0.0
0x1656f1886c5ab634ac19568cd571bc72f385fdf7,Uniswap,UNI,0.0,10.43,0.0
0x1656f1886c5ab634ac19568cd571bc72f385fdf7,Wrapped BTC,WBTC,0.0,117442.0,0.0
0x1656f1886c5ab634ac19568cd571bc72f385fdf7,Compound Uniswap,cUNI,0.0,0.214,0.0
0x1656f1886c5ab634ac19568cd571bc72f385fdf7,Compound Ether,cETH,0.0,75.181,0.0
0x1656f1886c5ab634ac19568cd571bc72f385fdf7,Dai Stablecoin,DAI,0.0,1.0,0.0
0x1656f1886c5ab634ac19568cd571bc72f385fdf7,USD Coin,USDC,0.0,1.0,0.0
0x1656f1886c5ab634ac19568cd571bc72f385fdf7,Compound,COMP,0.0,48.68,0.0
0x1656f1886c5ab634ac19568cd571bc72f385fdf7,Compound Wrapped BTC,cWBTC,0.0,2357.206,0.0
0x1656f1886c5ab634ac19568cd571bc72f385fdf7,Tether USD,USDT,0.0,1.0,0.0
0x1656f1886c5ab634ac19568cd571bc72f385fdf7,Compound Wrapped BTC,cWBTC,0.0,,
0x1724e16cb8d0e2aa4d08035bc6b5c56b680a3b22,Compound Collateral,cCOMP,2.76018578,6.675,18.42424
0x1724e16cb8d0e2aa4d08035bc6b5c56b680a3b22,Ether,ETH,0.0020950426,3739.595,7.834611
0x1724e16cb8d0e2aa4d08035bc6b5c56b680a3b22,Compound,COMP,0.0,48.68,0.0
0x19df3e87f73c4aaf4809295561465b993e102668,Ether,ETH,1.1153483856598527,3739.595,4170.951
0x19df3e87f73c4aaf4809295561465b993e102668,Injective Token,INJ,261.26638578,14.233,3718.6045
0x19df3e87f73c4aaf4809295561465b993e102668,PYR Token,PYR,945.19062706,1.07,1011.354
0x19df3e87f73c4aaf4809295561465b993e102668,Compound USD Coin,cUSDC,141.53706598,0.025048,3.5452206
0x19df3e87f73c4aaf4809295561465b993e102668,Zeta,ZETA,1.53956041,0.218,0.33562416
0x19df3e87f73c4aaf4809295561465b993e102668,Render Token,RNDR,0.0,4.207,0.0
0x19df3e87f73c4aaf4809295561465b993e102668,Dai Stablecoin v1.0,DAI,0.0,19.632,0.0
0x19df3e87f73c4aaf4809295561465b993e102668,USD Coin,USDC,0.0,1.0,0.0
0x1ab2ccad4fc97c9968ea87d4435326715be32872,Compound USD Coin,cUSDC,141.20260391,0.025048,3.5368428
0x1ab2ccad4fc97c9968ea87d4435326715be32872,Ether,ETH,0.0,3739.595,0.0
0x1ab2ccad4fc97c9968ea87d4435326715be32872,USD Coin,USDC,0.0,1.0,0.0
0x1c1b30ca93ef57452d53885d97a74f61daf2bf4f,HEX,HEX,380.653,0.0022166,0.8437555
0x1c1b30ca93ef57452d53885d97a74f61daf2bf4f,Ferrum Network Token,FRM,5.513746,0.0005054,0.0027866473
0x1c1b30ca93ef57452d53885d97a74f61daf2bf4f,Decentr,DEC,2.0,0.0002162,0.0004324
0x1c1b30ca93ef57452d53885d97a74f61daf2bf4f,Ether,ETH,0.0,3739.595,0.0
0x1c1b30ca93ef57452d53885d97a74f61daf2bf4f,Uniswap,UNI,0.0,10.43,0.0
0x1c1b30ca93ef57452d53885d97a74f61daf2bf4f,Compound Ether,cETH,0.0,75.181,0.0
0x1c1b30ca93ef57452d53885d97a74f61daf2bf4f,ChainLink Token,LINK,0.0,18.251,0.0
0x1c1b30ca93ef57452d53885d97a74f61daf2bf4f,Compound,COMP,0.0,48.68,0.0
0x1c1b30ca93ef57452d53885d97a74f61daf2bf4f,Graph Token,GRT,0.0,0.10413,0.0
0x1c1b30ca93ef57452d53885d97a74f61daf2bf4f,Tether USD,USDT,0.0,1.0,0.0
0x1c1b30ca93ef57452d53885d97a74f61daf2bf4f,0x Protocol Token,ZRX,0.0,0.27,0.0
0x1c1b30ca93ef57452d53885d97a74f61daf2bf4f,DOGEFI,DOGEFI,264.89219162429646,,
0x1c1b30ca93ef57452d53885d97a74f61daf2bf4f,GameStop.Finance,GME,22.22159686197234,,
0x1e43dacdcf863676a6bec8f7d6896d6252fac669,Compound Ether,cETH,0.65557172,75.181,49.286537
0x1e43dacdcf863676a6bec8f7d6896d6252fac669,USD Coin,USDC,3.0,1.0,3.0
0x1e43dacdcf863676a6bec8f7d6896d6252fac669,Ether,ETH,0.0005445666,3739.595,2.0364585
0x22d7510588d90ed5a87e0f838391aaafa707c34b,USD Coin,USDC,48.472494,1.0,48.472492
0x22d7510588d90ed5a87e0f838391aaafa707c34b,Trace Token,TRAC,78.99230536297078,0.529,41.78693
0x22d7510588d90ed5a87e0f838391aaafa707c34b,Ether,ETH,0.005806058647416624,3739.595,21.712307
0x22d7510588d90ed5a87e0f838391aaafa707c34b,iEx.ec Network Token,RLC,5.509329406,1.08,5.950076
0x22d7510588d90ed5a87e0f838391aaafa707c34b,Compound,COMP,0.048746360632222485,48.68,2.372973
0x22d7510588d90ed5a87e0f838391aaafa707c34b,ChainLink Token,LINK,0.11075370774192711,18.251,2.021366
0x22d7510588d90ed5a87e0f838391aaafa707c34b,Uniswap,UNI,0.06954090222488421,10.43,0.72531164
0x22d7510588d90ed5a87e0f838391aaafa707c34b,UniBright,UBT,34.20452953,0.0121396,0.4152293
0x22d7510588d90ed5a87e0f838391aaafa707c34b,Enjin Coin,ENJ,0.15478126211648985,0.080027,0.01238668
0x22d7510588d90ed5a87e0f838391aaafa707c34b,Aave Token,AAVE,4.1645456577626e-05,296.861,0.012362911
0x22d7510588d90ed5a87e0f838391aaafa707c34b,Ampleforth,AMPL,0.010037991,1.14,0.0114433095
0x22d7510588d90ed5a87e0f838391aaafa707c34b,Basic Attention Token,BAT,0.06409384016631837,0.158,0.010126827
0x22d7510588d90ed5a87e0f838391aaafa707c34b,Republic Token,REN,0.7955214366422383,0.0099037,0.007878605
0x22d7510588d90ed5a87e0f838391aaafa707c34b,Kyber Network Crystal,KNC,0.01145253672515645,0.431,0.004936043
0x22d7510588d90ed5a87e0f838391aaafa707c34b,SushiToken,SUSHI,0.00102922417023343,0.896,0.0009221849
0x22d7510588d90ed5a87e0f838391aaafa707c34b,dHedge DAO Token,DHT,0.003008410919706043,0.149,0.00044825324
0x22d7510588d90ed5a87e0f838391aaafa707c34b,Hegic,HEGIC,0.012196132971060304,0.0361963,0.00044145487
0x22d7510588d90ed5a87e0f838391aaafa707c34b,Celsius,CEL,0.0027,0.08174,0.000220698
0x22d7510588d90ed5a87e0f838391aaafa707c34b,LoopringCoin V2,LRC,0.00138565492608291,0.092059,0.000127562
0x22d7510588d90ed5a87e0f838391aaafa707c34b,Compound Ether,cETH,0.0,75.181,0.0
0x22d7510588d90ed5a87e0f838391aaafa707c34b,Compound Basic Attention Token,cBAT,0.0,0.003274,0.0
0x24b3460622d835c56d9a4fe352966b9bdc6c20af,Ether,ETH,0.0048125,3739.595,17.996801
0x24b3460622d835c56d9a4fe352966b9bdc6c20af,Compound USD Coin,cUSDC,141.23654311,0.025048,3.537693
0x24b3460622d835c56d9a4fe352966b9bdc6c20af,USD Coin,USDC,0.0,1.0,0.0
0x26750f1f4277221bdb5f6991473c6ece8c821f9d,Ether,ETH,0.00463498,3739.595,17.332949
0x26750f1f4277221bdb5f6991473c6ece8c821f9d,Compound USD Coin,cUSDC,140.72143348,0.025048,3.5247905
0x26750f1f4277221bdb5f6991473c6ece8c821f9d,Dai Stablecoin v1.0,DAI,0.06,19.632,1.17792
0x26750f1f4277221bdb5f6991473c6ece8c821f9d,USD Coin,USDC,0.0,1.0,0.0
0x27f72a000d8e9f324583f3a3491ea66998275b28,Compound USD Coin,cUSDC,141.30355996,0.025048,3.5393717
0x27f72a000d8e9f324583f3a3491ea66998275b28,Ether,ETH,0.0,3739.595,0.0
0x27f72a000d8e9f324583f3a3491ea66998275b28,USD Coin,USDC,0.0,1.0,0.0
0x2844658bf341db96aa247259824f42025e3bcec2,Ether,ETH,0.0051421376,3739.595,19.229511
0x2844658bf341db96aa247259824f42025e3bcec2,Compound USD Coin,cUSDC,140.70187639,0.025048,3.5243008
0x2844658bf341db96aa247259824f42025e3bcec2,USD Coin,USDC,0.0,1.0,0.0
0x2a2fde3e1beb508fcf7c137a1d5965f13a17825e,Compound USD Coin,cUSDC,141.37739434,0.025048,3.5412211
0x2a2fde3e1beb508fcf7c137a1d5965f13a17825e,Ether,ETH,0.0,3739.595,0.0
0x2a2fde3e1beb508fcf7c137a1d5965f13a17825e,USD Coin,USDC,0.0,1.0,0.0
0x330513970efd9e8dd606275fb4c50378989b3204,Dai Stablecoin v1.0,DAI,0.51959754,19.632,10.200739
0x330513970efd9e8dd606275fb4c50378989b3204,Ether,ETH,0.002260256915332622,3739.595,8.452445
0x330513970efd9e8dd606275fb4c50378989b3204,Compound Ether,cETH,0.00281326,75.181,0.2115037
0x330513970efd9e8dd606275fb4c50378989b3204,Dai Stablecoin,DAI,0.1,1.0,0.1
0x330513970efd9e8dd606275fb4c50378989b3204,AI Network,AIN,0.0,0.0083928,0.0
0x330513970efd9e8dd606275fb4c50378989b3204,RabbitX,RBX,0.0,0.0005901,0.0
0x330513970efd9e8dd606275fb4c50378989b3204,Aave Interest bearing USDT,aUSDT,0.0,1.0,0.0
0x330513970efd9e8dd606275fb4c50378989b3204,USD Coin,USDC,0.0,1.0,0.0
0x330513970efd9e8dd606275fb4c50378989b3204,Tether USD,USDT,0.0,1.0,0.0
0x330513970efd9e8dd606275fb4c50378989b3204,Humanscape,HUM,0.0,,
0x330513970efd9e8dd606275fb4c50378989b3204,Curve.fi yDAI/yUSDC/yUSDT/yBUSD,yDAI+yUSDC+yUSDT+yBUSD,0.0,,
0x330513970efd9e8dd606275fb4c50378989b3204,Curve yBUSD Pool yVault,yvCurve-yBUSD,0.0,,
0x330513970efd9e8dd606275fb4c50378989b3204,Strips Token,STRP,0.0,,
0x330513970efd9e8dd606275fb4c50378989b3204,Scatter.cx,STT,8.8888888,,
0x330513970efd9e8dd606275fb4c50378989b3204,HUMToken,HUM,25000.0,,
0x3361bea43c2f5f963f81ac70f64e6fba1f1d2a97,Ether,ETH,0.002016000030639,3739.595,7.5390234
0x3361bea43c2f5f963f81ac70f64e6fba1f1d2a97,TrueUSD,TUSD,0.0,0.999,0.0
0x3361bea43c2f5f963f81ac70f64e6fba1f1d2a97,Basic Attention Token,BAT,0.0,0.158,0.0
0x3361bea43c2f5f963f81ac70f64e6fba1f1d2a97,Compound Dai,cDAI,0.0,0.02475,0.0
0x3361bea43c2f5f963f81ac70f64e6fba1f1d2a97,Dai Stablecoin,DAI,0.0,1.0,0.0
0x3361bea43c2f5f963f81ac70f64e6fba1f1d2a97,Maker,MKR,0.0,2269.982,0.0
0x3361bea43c2f5f963f81ac70f64e6fba1f1d2a97,Kyber Network Crystal,KNC,0.0,0.431,0.0
0x3361bea43c2f5f963f81ac70f64e6fba1f1d2a97,0x Protocol Token,ZRX,0.0,0.27,0.0
0x3361bea43c2f5f963f81ac70f64e6fba1f1d2a97,AfroDex,AfroX,1000000.0,,
0x3361bea43c2f5f963f81ac70f64e6fba1f1d2a97,cUSD Currency,cUSD,1.0,,
0x3361bea43c2f5f963f81ac70f64e6fba1f1d2a97,QChi,QCH,2.0,,
0x3361bea43c2f5f963f81ac70f64e6fba1f1d2a97,Aurora,AOA,0.0,,
0x3361bea43c2f5f963f81ac70f64e6fba1f1d2a97,Ebakus,EBK,5.07573761,,
0x3361bea43c2f5f963f81ac70f64e6fba1f1d2a97,Enigma,ENG,0.0,,
0x3867d222ba91236ad4d12c31056626f9e798629c,Ether,ETH,0.0121638544,3739.595,45.48789
0x3867d222ba91236ad4d12c31056626f9e798629c,Compound USD Coin,cUSDC,140.73010971,0.025048,3.525008
0x3867d222ba91236ad4d12c31056626f9e798629c,USD Coin,USDC,0.0,1.0,0.0
0x3a44be4581137019f83021eeee72b7dc57756069,Ether,ETH,0.00962548,3739.595,35.995396
0x3a44be4581137019f83021eeee72b7dc57756069,Compound USD Coin,cUSDC,141.47296586,0.025048,3.5436149
0x3a44be4581137019f83021eeee72b7dc57756069,USD Coin,USDC,0.0,1.0,0.0
0x3e69ad05716bdc834db72c4d6d44439a7c8a902b,Ether,ETH,0.013215288,3739.595,49.419823
0x3e69ad05716bdc834db72c4d6d44439a7c8a902b,Compound USD Coin,cUSDC,282.42815829,0.025048,7.0742607
0x3e69ad05716bdc834db72c4d6d44439a7c8a902b,USD Coin,USDC,0.0,1.0,0.0
0x427f2ac5fdf4245e027d767e7c3ac272a1f40a65,Compound Ether,cETH,0.02789085,75.181,2.096862
0x427f2ac5fdf4245e027d767e7c3ac272a1f40a65,HEX,HEX,100.0,0.0022166,0.22166002
0x427f2ac5fdf4245e027d767e7c3ac272a1f40a65,OMGToken,OMG,0.51447558,0.19,0.09775036
0x427f2ac5fdf4245e027d767e7c3ac272a1f40a65,Ether,ETH,4.84083264e-06,3739.595,0.018102754
0x427f2ac5fdf4245e027d767e7c3ac272a1f40a65,Compound Dai,cDAI,0.0,0.02475,0.0
0x427f2ac5fdf4245e027d767e7c3ac272a1f40a65,Dai Stablecoin,DAI,0.0,1.0,0.0
0x427f2ac5fdf4245e027d767e7c3ac272a1f40a65,Dai Stablecoin v1.0,DAI,0.0,19.632,0.0
0x427f2ac5fdf4245e027d767e7c3ac272a1f40a65,USD Coin,USDC,0.0,1.0,0.0
0x427f2ac5fdf4245e027d767e7c3ac272a1f40a65,Tether USD,USDT,0.0,1.0,0.0
0x427f2ac5fdf4245e027d767e7c3ac272a1f40a65,iearn DAI,yDAI,3.538162537843e-06,,
0x427f2ac5fdf4245e027d767e7c3ac272a1f40a65,Compound USDC,cUSDCv3,10.290071,,
0x427f2ac5fdf4245e027d767e7c3ac272a1f40a65,iearn USDC,yUSDC,7.5e-05,,
0x427f2ac5fdf4245e027d767e7c3ac272a1f40a65,iearn USDT,yUSDT,9e-06,,
0x427f2ac5fdf4245e027d767e7c3ac272a1f40a65,Compound Dai,cDAI,0.0,,
0x4814be124d7fe3b240eb46061f7ddfab468fe122,Compound USD Coin,cUSDC,312.95879533,0.025048,7.838992
0x4814be124d7fe3b240eb46061f7ddfab468fe122,Wrapped Ether,WETH,2.8698253560916e-05,3739.99,0.10733118
0x4814be124d7fe3b240eb46061f7ddfab468fe122,Ether,ETH,0.0,3739.595,0.0
0x4814be124d7fe3b240eb46061f7ddfab468fe122,Uniswap,UNI,0.0,10.43,0.0
0x4814be124d7fe3b240eb46061f7ddfab468fe122,Wrapped BTC,WBTC,0.0,117442.0,0.0
0x4814be124d7fe3b240eb46061f7ddfab468fe122,Compound Ether,cETH,0.0,75.181,0.0
0x4814be124d7fe3b240eb46061f7ddfab468fe122,Compound Dai,cDAI,0.0,0.02475,0.0
0x4814be124d7fe3b240eb46061f7ddfab468fe122,Dai Stablecoin,DAI,0.0,1.0,0.0
0x4814be124d7fe3b240eb46061f7ddfab468fe122,Compound Collateral,cCOMP,0.0,6.675,0.0
0x4814be124d7fe3b240eb46061f7ddfab468fe122,Maker,MKR,0.0,2269.982,0.0
0x4814be124d7fe3b240eb46061f7ddfab468fe122,USD Coin,USDC,0.0,1.0,0.0
0x4814be124d7fe3b240eb46061f7ddfab468fe122,Compound 0x,cZRX,0.0,0.0055867,0.0
0x4814be124d7fe3b240eb46061f7ddfab468fe122,Compound,COMP,0.0,48.68,0.0
0x4814be124d7fe3b240eb46061f7ddfab468fe122,Tether USD,USDT,0.0,1.0,0.0
0x4814be124d7fe3b240eb46061f7ddfab468fe122,0x Protocol Token,ZRX,0.0,0.27,0.0
0x4814be124d7fe3b240eb46061f7ddfab468fe122,Compound Wrapped BTC,cWBTC,0.0,,
0x4814be124d7fe3b240eb46061f7ddfab468fe122,FerrariToken,Ferrari,0.084012,,
0x4814be124d7fe3b240eb46061f7ddfab468fe122,Compound USDT,cUSDT,0.0,,
0x4839e666e2baf12a51bf004392b35972eeddeabf,Ether,ETH,0.0,3739.595,0.0
0x4839e666e2baf12a51bf004392b35972eeddeabf,Compound USD Coin,cUSDC,0.0,0.025048,0.0
0x4839e666e2baf12a51bf004392b35972eeddeabf,Compound Dai,cDAI,0.0,0.02475,0.0
0x4839e666e2baf12a51bf004392b35972eeddeabf,Dai Stablecoin,DAI,0.0,1.0,0.0
0x4839e666e2baf12a51bf004392b35972eeddeabf,USD Coin,USDC,0.0,1.0,0.0
0x4c4d05fe859279c91b074429b5fc451182cec745,Compound Ether,cETH,0.20911123,75.181,15.721191
0x4c4d05fe859279c91b074429b5fc451182cec745,USD Coin,USDC,3.0,1.0,3.0
0x4c4d05fe859279c91b074429b5fc451182cec745,Ether,ETH,0.0006135614,3739.595,2.294471
0x4d997c89bc659a3e8452038a8101161e7e7e53a7,Tether USD,USDT,3.396055,1.0,3.396055
0x4d997c89bc659a3e8452038a8101161e7e7e53a7,Aave interest bearing WETH,aWETH,0.000369318356791184,3739.642,1.3811184
0x4d997c89bc659a3e8452038a8101161e7e7e53a7,HEX,HEX,101.0,0.0022166,0.22387661
0x4d997c89bc659a3e8452038a8101161e7e7e53a7,Ampleforth,AMPL,9.4781e-05,1.14,0.000108050335
0x4d997c89bc659a3e8452038a8101161e7e7e53a7,Ether,ETH,0.0,3739.595,0.0
0x4d997c89bc659a3e8452038a8101161e7e7e53a7,Uniswap,UNI,0.0,10.43,0.0
0x4d997c89bc659a3e8452038a8101161e7e7e53a7,Compound Ether,cETH,0.0,75.181,0.0
0x4d997c89bc659a3e8452038a8101161e7e7e53a7,Synth sUSD,sUSD,0.0,0.93,0.0
0x4d997c89bc659a3e8452038a8101161e7e7e53a7,Dai Stablecoin,DAI,0.0,1.0,0.0
0x4d997c89bc659a3e8452038a8101161e7e7e53a7,Ampleforth Governance,FORTH,0.0,2.775,0.0
0x4d997c89bc659a3e8452038a8101161e7e7e53a7,Dai Stablecoin v1.0,DAI,0.0,19.632,0.0
0x4d997c89bc659a3e8452038a8101161e7e7e53a7,USD Coin,USDC,0.0,1.0,0.0
0x4d997c89bc659a3e8452038a8101161e7e7e53a7,Aave interest bearing USDC,aUSDC,0.0,1.0,0.0
0x4d997c89bc659a3e8452038a8101161e7e7e53a7,Wrapped Ether,WETH,0.0,3739.99,0.0
0x4d997c89bc659a3e8452038a8101161e7e7e53a7,FOX,FOX,0.0,0.0327896,0.0
0x4d997c89bc659a3e8452038a8101161e7e7e53a7,Small Love Potion,SLP,140.0,,
0x4d997c89bc659a3e8452038a8101161e7e7e53a7,LONDON,LONDON,0.0,,
0x4d997c89bc659a3e8452038a8101161e7e7e53a7,Aave variable debt bearing USDC,variableDebtUSDC,0.214126,,
0x4d997c89bc659a3e8452038a8101161e7e7e53a7,Coin-coin coinslot.com,CC coinslot.com,1000.0,,
0x4d997c89bc659a3e8452038a8101161e7e7e53a7,Unit Protocol,DUCK,0.0,,
0x4d997c89bc659a3e8452038a8101161e7e7e53a7,DXdao,DXD,0.0,,
0x4d997c89bc659a3e8452038a8101161e7e7e53a7,TwoKeyEconomy,2KEY,0.0,,
0x4d997c89bc659a3e8452038a8101161e7e7e53a7,Aave variable debt bearing WETH,variableDebtWETH,0.0,,
0x4db0a72edb5ea6c55df929f76e7d5bb14e389860,Compound USD Coin,cUSDC,141.03681752,0.025048,3.5326903
0x4db0a72edb5ea6c55df929f76e7d5bb14e389860,Ether,ETH,0.0,3739.595,0.0
0x4db0a72edb5ea6c55df929f76e7d5bb14e389860,USD Coin,USDC,0.0,1.0,0.0
0x4e61251336c32e4fe6bfd5fab014846599321389,Compound USD Coin,cUSDC,140.71566245,0.025048,3.524646
0x4e61251336c32e4fe6bfd5fab014846599321389,Ether,ETH,0.0,3739.595,0.0
0x4e61251336c32e4fe6bfd5fab014846599321389,USD Coin,USDC,0.0,1.0,0.0
0x4e6e724f4163b24ffc7ffe662b5f6815b18b4210,Ether,ETH,0.011900157,3739.595,44.501766
0x4e6e724f4163b24ffc7ffe662b5f6815b18b4210,Compound USD Coin,cUSDC,141.41571154,0.025048,3.5421808
0x4e6e724f4163b24ffc7ffe662b5f6815b18b4210,Dai Stablecoin,DAI,0.0,1.0,0.0
0x4e6e724f4163b24ffc7ffe662b5f6815b18b4210,USD Coin,USDC,0.0,1.0,0.0
0x507b6c0d950702f066a9a1bd5e85206f87b065ba,Ether,ETH,2.0835197334e-05,3739.595,0.0779152
0x507b6c0d950702f066a9a1bd5e85206f87b065ba,DOGE KILLER,LEASH,0.0,169.32,0.0
0x507b6c0d950702f066a9a1bd5e85206f87b065ba,Compound Ether,cETH,0.0,75.181,0.0
0x507b6c0d950702f066a9a1bd5e85206f87b065ba,Dai Stablecoin,DAI,0.0,1.0,0.0
0x507b6c0d950702f066a9a1bd5e85206f87b065ba,SHIBA INU,SHIB,0.0,1.40357e-05,0.0
0x507b6c0d950702f066a9a1bd5e85206f87b065ba,BONE SHIBASWAP,BONE,0.0,0.193,0.0
0x507b6c0d950702f066a9a1bd5e85206f87b065ba,Saitama Inu,SAITAMA,8.809682186,,
0x507b6c0d950702f066a9a1bd5e85206f87b065ba,xLeash Staked Leash,xLEASH,0.06866753601000115,,
0x507b6c0d950702f066a9a1bd5e85206f87b065ba,xShib Staked Shiba Inu,xSHIB,0.0,,
0x507b6c0d950702f066a9a1bd5e85206f87b065ba,tBone Staked Bone ShibaSwap,tBONE,13.344435430098132,,
0x54e19653be9d4143b08994906be0e27555e8834d,Compound USD Coin,cUSDC,2.85e-06,0.025048,7.13868e-08
0x54e19653be9d4143b08994906be0e27555e8834d,Ether,ETH,0.0,3739.595,0.0
0x54e19653be9d4143b08994906be0e27555e8834d,USD Coin,USDC,0.0,1.0,0.0
0x56ba823641bfc317afc8459bf27feed6eb9ff59f,Compound USD Coin,cUSDC,141.12764161,0.025048,3.5349653
0x56ba823641bfc317afc8459bf27feed6eb9ff59f,Ether,ETH,0.000762298,3739.595,2.8506858
0x56ba823641bfc317afc8459bf27feed6eb9ff59f,USD Coin,USDC,0.0,1.0,0.0
0x56cc2bffcb3f86a30c492f9d1a671a1f744d1d2f,Compound USD Coin,cUSDC,141.33760192,0.025048,3.5402243
0x56cc2bffcb3f86a30c492f9d1a671a1f744d1d2f,SAND,SAND,2.69667062,0.304,0.81978786
0x56cc2bffcb3f86a30c492f9d1a671a1f744d1d2f,Ether,ETH,0.0,3739.595,0.0
0x56cc2bffcb3f86a30c492f9d1a671a1f744d1d2f,USD Coin,USDC,0.0,1.0,0.0
0x578cea5f899b0dfbf05c7fbcfda1a644b2a47787,Ether,ETH,0.00114918891304159,3739.595,4.297501
0x578cea5f899b0dfbf05c7fbcfda1a644b2a47787,Compound USD Coin,cUSDC,141.07081889,0.025048,3.533542
0x578cea5f899b0dfbf05c7fbcfda1a644b2a47787,USD Coin,USDC,0.0,1.0,0.0
0x58c2a9099a03750e9842d3e9a7780cdd6aa70b86,Compound USD Coin,cUSDC,141.33070046,0.025048,3.5400515
0x58c2a9099a03750e9842d3e9a7780cdd6aa70b86,Ether,ETH,0.000934334649145861,3739.595,3.494033
0x58c2a9099a03750e9842d3e9a7780cdd6aa70b86,USD Coin,USDC,0.0,1.0,0.0
0x58d68d4bcf9725e40353379cec92b90332561683,Ether,ETH,0.002049794018978622,3739.595,7.6653996
0x58d68d4bcf9725e40353379cec92b90332561683,Mononoke Inu,Mononoke-Inu,4774475906198.38,7e-13,3.3421333
0x58d68d4bcf9725e40353379cec92b90332561683,Kuma Inu,KUMA,0.0,3.2078e-09,0.0
0x58d68d4bcf9725e40353379cec92b90332561683,Jupiter,JUP,0.0,6.61096e-05,0.0
0x58d68d4bcf9725e40353379cec92b90332561683,Compound Ether,cETH,0.0,75.181,0.0
0x58d68d4bcf9725e40353379cec92b90332561683,Dai Stablecoin,DAI,0.0,1.0,0.0
0x58d68d4bcf9725e40353379cec92b90332561683,Dogelon,ELON,0.0,1.253e-07,0.0
0x58d68d4bcf9725e40353379cec92b90332561683,USD Coin,USDC,0.0,1.0,0.0
0x58d68d4bcf9725e40353379cec92b90332561683,Graph Token,GRT,0.0,0.10413,0.0
0x58d68d4bcf9725e40353379cec92b90332561683,Boost,BOOST,1098.260040125146,,
0x58d68d4bcf9725e40353379cec92b90332561683,Saitama Inu,SAITAMA,15779106445.379671,,
0x58d68d4bcf9725e40353379cec92b90332561683,SAITAMA,SAITAMA,16261.953629123,,
0x58d68d4bcf9725e40353379cec92b90332561683,XRP 2.0,XRP 2.0,103875292343852.58,,
0x58d68d4bcf9725e40353379cec92b90332561683,Aidi Inu,AIDI,710500103022.5149,,
0x5e324b4a564512ea7c93088dba2f8c1bf046a3eb,Ether,ETH,0.0130508544,3739.595,48.80491
0x5e324b4a564512ea7c93088dba2f8c1bf046a3eb,Compound USD Coin,cUSDC,141.11473633,0.025048,3.534642
0x5e324b4a564512ea7c93088dba2f8c1bf046a3eb,USD Coin,USDC,0.0,1.0,0.0
0x612a3500559be7be7703de6dc397afb541a16f7f,Dai Stablecoin,DAI,1.1797168687462873,1.0,1.1797168
0x612a3500559be7be7703de6dc397afb541a16f7f,Ether,ETH,0.00010275778275,3739.595,0.3842725
0x612a3500559be7be7703de6dc397afb541a16f7f,BAC,BAC,0.08085209747692591,0.0017955,0.00014516995
0x612a3500559be7be7703de6dc397afb541a16f7f,Wrapped UST Token,UST,9.81012483398e-07,0.0164526,1.6140206e-08
0x612a3500559be7be7703de6dc397afb541a16f7f,Uniswap,UNI,1e-18,10.43,1.04300006e-17
0x612a3500559be7be7703de6dc397afb541a16f7f,Compound Uniswap,cUNI,0.0,0.214,0.0
0x612a3500559be7be7703de6dc397afb541a16f7f,Compound Ether,cETH,0.0,75.181,0.0
0x612a3500559be7be7703de6dc397afb541a16f7f,USD Coin,USDC,0.0,1.0,0.0
0x612a3500559be7be7703de6dc397afb541a16f7f,Paladin Token,PAL,0.0,0.0909569,0.0
0x612a3500559be7be7703de6dc397afb541a16f7f,Compound 0x,cZRX,0.0,0.0055867,0.0
0x612a3500559be7be7703de6dc397afb541a16f7f,Synthetix Network Token,SNX,0.0,0.647,0.0
0x612a3500559be7be7703de6dc397afb541a16f7f,0x Protocol Token,ZRX,0.0,0.27,0.0
0x612a3500559be7be7703de6dc397afb541a16f7f,Wild Credit,WILD,0.0,,
0x612a3500559be7be7703de6dc397afb541a16f7f,WILD-LP,WILD-LP,0.0,,
0x612a3500559be7be7703de6dc397afb541a16f7f,Paladin UNI,palUNI,0.0,,
0x623af911f493747c216ad389c7805a37019c662d,Compound USD Coin,cUSDC,4558136.40356828,0.025048,114172.2
0x623af911f493747c216ad389c7805a37019c662d,USD Coin,USDC,1947.093061,1.0,1947.093
0x623af911f493747c216ad389c7805a37019c662d,Compound,COMP,21.684139100480067,48.68,1055.5839
0x623af911f493747c216ad389c7805a37019c662d,Ether,ETH,0.001670928023242133,3739.595,6.248594
0x623af911f493747c216ad389c7805a37019c662d,AfroDex,AfroX,1000000.0,,
0x623af911f493747c216ad389c7805a37019c662d,OCoin,OCN,2.0,,
0x623af911f493747c216ad389c7805a37019c662d,Amber Token,AMB,0.01,,
0x623af911f493747c216ad389c7805a37019c662d,MUXE Token,MUXE,874.0,,
0x623af911f493747c216ad389c7805a37019c662d,XRCF,XRCF,2690.0,,
0x623af911f493747c216ad389c7805a37019c662d,cUSD Currency,cUSD,1.0,,
0x623af911f493747c216ad389c7805a37019c662d,Borgias Capital Fund,BCF,8737.1887,,
0x623af911f493747c216ad389c7805a37019c662d,Bitcratic,BCT,22.0,,
0x623af911f493747c216ad389c7805a37019c662d,Ebakus,EBK,87.2843750691104,,
0x623af911f493747c216ad389c7805a37019c662d,Free BOB Tokens - BobsRepair.com,BOBx,1500.0,,
0x623af911f493747c216ad389c7805a37019c662d,GSENetwork,GSE,104.0,,
0x623af911f493747c216ad389c7805a37019c662d,Tronix,TRX,31.0,,
0x6a2752a534faacaaa153bffbb973dd84e0e5497b,Ether,ETH,0.001392347860765592,3739.595,5.206817
0x6a2752a534faacaaa153bffbb973dd84e0e5497b,Compound Ether,cETH,0.04992495,75.181,3.7534077
0x6a2752a534faacaaa153bffbb973dd84e0e5497b,StakeStone Ether,STONE,0.0,3902.457,0.0
0x6a2752a534faacaaa153bffbb973dd84e0e5497b,STONE Carnival LP,cSTONE,0.0,,
0x6d69ca3711e504658977367e13c300ab198379f1,Compound USD Coin,cUSDC,141.34067962,0.025048,3.5403016
0x6d69ca3711e504658977367e13c300ab198379f1,Ether,ETH,0.0,3739.595,0.0
0x6d69ca3711e504658977367e13c300ab198379f1,USD Coin,USDC,0.0,1.0,0.0
0x6e355417f7f56e7927d1cd971f0b5a1e6d538487,Ether,ETH,0.0,3739.595,0.0
0x6e355417f7f56e7927d1cd971f0b5a1e6d538487,Compound USD Coin,cUSDC,0.0,0.025048,0.0
0x6e355417f7f56e7927d1cd971f0b5a1e6d538487,Maker,MKR,0.0,2269.982,0.0
0x6e355417f7f56e7927d1cd971f0b5a1e6d538487,USD Coin,USDC,0.0,1.0,0.0
0x6e355417f7f56e7927d1cd971f0b5a1e6d538487,Compound,COMP,0.0,48.68,0.0
0x70c1864282599a762c674dd9d567b37e13bce755,Compound USD Coin,cUSDC,141.25627335,0.025048,3.5381873
0x70c1864282599a762c674dd9d567b37e13bce755,Ether,ETH,0.0,3739.595,0.0
0x70c1864282599a762c674dd9d567b37e13bce755,USD Coin,USDC,0.0,1.0,0.0
0x70d8e4ab175dfe0eab4e9a7f33e0a2d19f44001e,HEX,HEX,100.0,0.0022166,0.22166002
0x70d8e4ab175dfe0eab4e9a7f33e0a2d19f44001e,Compound Basic Attention Token,cBAT,4.16946572,0.003274,0.013650831
0x70d8e4ab175dfe0eab4e9a7f33e0a2d19f44001e,USD Coin,USDC,0.012455,1.0,0.012455
0x70d8e4ab175dfe0eab4e9a7f33e0a2d19f44001e,0x Protocol Token,ZRX,4.942231e-05,0.27,1.3344024e-05
0x70d8e4ab175dfe0eab4e9a7f33e0a2d19f44001e,Ether,ETH,0.0,3739.595,0.0
0x70d8e4ab175dfe0eab4e9a7f33e0a2d19f44001e,Basic Attention Token,BAT,0.0,0.158,0.0
0x70d8e4ab175dfe0eab4e9a7f33e0a2d19f44001e,Uniswap,UNI,0.0,10.43,0.0
0x70d8e4ab175dfe0eab4e9a7f33e0a2d19f44001e,Compound USD Coin,cUSDC,0.0,0.025048,0.0
0x70d8e4ab175dfe0eab4e9a7f33e0a2d19f44001e,Compound Ether,cETH,0.0,75.181,0.0
0x70d8e4ab175dfe0eab4e9a7f33e0a2d19f44001e,ChainLink Token,LINK,0.0,18.251,0.0
0x70d8e4ab175dfe0eab4e9a7f33e0a2d19f44001e,Compound Dai,cDAI,0.0,0.02475,0.0
0x70d8e4ab175dfe0eab4e9a7f33e0a2d19f44001e,Dai Stablecoin,DAI,0.0,1.0,0.0
0x70d8e4ab175dfe0eab4e9a7f33e0a2d19f44001e,Status Network Token,SNT,0.0,0.0302241,0.0
0x70d8e4ab175dfe0eab4e9a7f33e0a2d19f44001e,Dai Stablecoin v1.0,DAI,0.0,19.632,0.0
0x70d8e4ab175dfe0eab4e9a7f33e0a2d19f44001e,Maker,MKR,0.0,2269.982,0.0
0x70d8e4ab175dfe0eab4e9a7f33e0a2d19f44001e,Aave Interest bearing LINK,aLINK,0.0,18.35,0.0
0x70d8e4ab175dfe0eab4e9a7f33e0a2d19f44001e,Compound 0x,cZRX,0.0,0.0055867,0.0
0x70d8e4ab175dfe0eab4e9a7f33e0a2d19f44001e,Wrapped Ether,WETH,0.0,3739.99,0.0
0x70d8e4ab175dfe0eab4e9a7f33e0a2d19f44001e,Tether USD,USDT,0.0,1.0,0.0
0x70d8e4ab175dfe0eab4e9a7f33e0a2d19f44001e,Aave Interest bearing DAI,aDAI,0.0,1.0,0.0
0x70d8e4ab175dfe0eab4e9a7f33e0a2d19f44001e,Reputation,REP,0.0,,
0x70d8e4ab175dfe0eab4e9a7f33e0a2d19f44001e,ETH TA Set,ETHTA,0.0,,
0x70d8e4ab175dfe0eab4e9a7f33e0a2d19f44001e,The Tokenized Bitcoin,imBTC,0.0,,
0x70d8e4ab175dfe0eab4e9a7f33e0a2d19f44001e,Fulcrum DAI iToken,iDAI,0.0,,
0x70d8e4ab175dfe0eab4e9a7f33e0a2d19f44001e,Digix Gold Token,DGX,8.713e-05,,
0x70d8e4ab175dfe0eab4e9a7f33e0a2d19f44001e,BullBearBitcoin Set II,BBB,3.859e-07,,
0x70d8e4ab175dfe0eab4e9a7f33e0a2d19f44001e,Aave Interest bearing REP,aREP,0.0,,
0x70d8e4ab175dfe0eab4e9a7f33e0a2d19f44001e,Constellation,DAG,0.0,,
0x70d8e4ab175dfe0eab4e9a7f33e0a2d19f44001e,ETH Maximalist Set,ETH10K,0.0,,
0x70d8e4ab175dfe0eab4e9a7f33e0a2d19f44001e,vAtom,VATOM,9.483649,,
0x70d8e4ab175dfe0eab4e9a7f33e0a2d19f44001e,Flex BTC Set,FLEXBTC,0.0,,
0x70d8e4ab175dfe0eab4e9a7f33e0a2d19f44001e,,,1.9286791190449e-05,,
0x70d8e4ab175dfe0eab4e9a7f33e0a2d19f44001e,Compound Dai,cDAI,0.0,,
0x7399dbeebe2f88bc6ac4e3fd7ddb836a4bce322f,Ether,ETH,0.010412736,3739.595,38.939415
0x7399dbeebe2f88bc6ac4e3fd7ddb836a4bce322f,Compound USD Coin,cUSDC,141.0656289,0.025048,3.533412
0x7399dbeebe2f88bc6ac4e3fd7ddb836a4bce322f,USD Coin,USDC,0.0,1.0,0.0
0x767055590c73b7d2aaa6219da13807c493f91a20,Ether,ETH,0.014253848,3739.595,53.30362
0x767055590c73b7d2aaa6219da13807c493f91a20,Compound USD Coin,cUSDC,141.2787482,0.025048,3.5387502
0x767055590c73b7d2aaa6219da13807c493f91a20,USD Coin,USDC,0.0,1.0,0.0
0x7851bdfb64bbecfb40c030d722a1f147dff5db6a,Compound,COMP,0.02938655086393177,48.68,1.4305373
0x7851bdfb64bbecfb40c030d722a1f147dff5db6a,Ether,ETH,0.0,3739.595,0.0
0x7851bdfb64bbecfb40c030d722a1f147dff5db6a,Compound 0x,cZRX,0.0,0.0055867,0.0
0x7851bdfb64bbecfb40c030d722a1f147dff5db6a,0x Protocol Token,ZRX,0.0,0.27,0.0
0x7b4636320daa0bc055368a4f9b9d01bd8ac51877,Compound USD Coin,cUSDC,141.23269582,0.025048,3.5375967
0x7b4636320daa0bc055368a4f9b9d01bd8ac51877,Ether,ETH,0.0,3739.595,0.0
0x7b4636320daa0bc055368a4f9b9d01bd8ac51877,Maker,MKR,0.0,2269.982,0.0
0x7b4636320daa0bc055368a4f9b9d01bd8ac51877,USD Coin,USDC,0.0,1.0,0.0
0x7b4636320daa0bc055368a4f9b9d01bd8ac51877,Compound,COMP,0.0,48.68,0.0
0x7b57dbe2f2e4912a29754ff3e412ed9507fd8957,Ether,ETH,0.0,3739.595,0.0
0x7b57dbe2f2e4912a29754ff3e412ed9507fd8957,Compound Ether,cETH,0.0,75.181,0.0
0x7b57dbe2f2e4912a29754ff3e412ed9507fd8957,USD Coin,USDC,0.0,1.0,0.0
0x7be3dfb5b6fcbae542ea85e76cc19916a20f6c1e,Compound Ether,cETH,0.6147631,75.181,46.218506
0x7be3dfb5b6fcbae542ea85e76cc19916a20f6c1e,Ether,ETH,0.0008814267,3739.595,3.2961788
0x7be3dfb5b6fcbae542ea85e76cc19916a20f6c1e,USD Coin,USDC,3.0,1.0,3.0
0x7de76a449cf60ea3e111ff18b28e516d89532152,Ether,ETH,0.0136415777,3739.595,51.013977
0x7de76a449cf60ea3e111ff18b28e516d89532152,Compound USD Coin,cUSDC,141.32258477,0.025048,3.539848
0x7de76a449cf60ea3e111ff18b28e516d89532152,USD Coin,USDC,0.0,1.0,0.0
0x7e3eab408b9c76a13305ef34606f17c16f7b33cc,Ether,ETH,0.030508721806647487,3739.595,114.09026
0x7e3eab408b9c76a13305ef34606f17c16f7b33cc,Dai Stablecoin,DAI,9.28257619572e-06,1.0,9.282576e-06
0x7e3eab408b9c76a13305ef34606f17c16f7b33cc,Compound Dai,cDAI,0.0,0.02475,0.0
0x7f5e6a28afc9fb0aaf4259d4ff69991b88ebea47,Ether,ETH,0.012298456,3739.595,45.991245
0x7f5e6a28afc9fb0aaf4259d4ff69991b88ebea47,Compound USD Coin,cUSDC,140.73785549,0.025048,3.5252018
0x7f5e6a28afc9fb0aaf4259d4ff69991b88ebea47,USD Coin,USDC,0.0,1.0,0.0
0x83ea74c67d393c6894c34c464657bda2183a2f1a,Compound USD Coin,cUSDC,141.31650089,0.025048,3.5396957
0x83ea74c67d393c6894c34c464657bda2183a2f1a,LoopringCoin V2,LRC,7.07776135,0.092059,0.65157163
0x83ea74c67d393c6894c34c464657bda2183a2f1a,Ether,ETH,0.0,3739.595,0.0
0x83ea74c67d393c6894c34c464657bda2183a2f1a,USD Coin,USDC,0.0,1.0,0.0
0x8441fecef5cc6f697be2c4fc4a36feacede8df67,Orchid,OXT,275.52740582,0.0605431,16.681284
0x8441fecef5cc6f697be2c4fc4a36feacede8df67,Settled ETHXY Token,SEXY,46.4196171330445,0.0627226,2.911559
0x8441fecef5cc6f697be2c4fc4a36feacede8df67,STAKE,STAKE,6.20683301648258,0.13,0.8068883
0x8441fecef5cc6f697be2c4fc4a36feacede8df67,Ether,ETH,8.566907307e-06,3739.595,0.032036763
0x8441fecef5cc6f697be2c4fc4a36feacede8df67,Compound Ether,cETH,0.0,75.181,0.0
0x8441fecef5cc6f697be2c4fc4a36feacede8df67,USD Coin,USDC,0.0,1.0,0.0
0x854a873b8f9bfac36a5eb9c648e285a095a7478d,Ether,ETH,0.010867584,3739.595,40.64036
0x854a873b8f9bfac36a5eb9c648e285a095a7478d,Compound USD Coin,cUSDC,141.1288486,0.025048,3.5349956
0x854a873b8f9bfac36a5eb9c648e285a095a7478d,USD Coin,USDC,0.0,1.0,0.0
0x8587d9f794f06d976c2ec1cfd523983b856f5ca9,Compound USD Coin,cUSDC,141.19775922,0.025048,3.5367215
0x8587d9f794f06d976c2ec1cfd523983b856f5ca9,Ether,ETH,0.0,3739.595,0.0
0x8587d9f794f06d976c2ec1cfd523983b856f5ca9,USD Coin,USDC,0.0,1.0,0.0
0x880a0af12da55df1197f41697c1a1b61670ed410,Ether,ETH,0.0,3739.595,0.0
0x880a0af12da55df1197f41697c1a1b61670ed410,Compound USD Coin,cUSDC,0.0,0.025048,0.0
0x880a0af12da55df1197f41697c1a1b61670ed410,Compound Ether,cETH,0.0,75.181,0.0
0x880a0af12da55df1197f41697c1a1b61670ed410,USD Coin,USDC,0.0,1.0,0.0
0x880a0af12da55df1197f41697c1a1b61670ed410,Compound,COMP,0.0,48.68,0.0
0x8aaece100580b749a20f8ce30338c4e0770b65ed,Compound USD Coin,cUSDC,141.53406453,0.025048,3.5451453
0x8aaece100580b749a20f8ce30338c4e0770b65ed,Ether,ETH,3.0876427365e-05,3739.595,0.115465336
0x8aaece100580b749a20f8ce30338c4e0770b65ed,USD Coin,USDC,0.0,1.0,0.0
0x8be38ea2b22b706aef313c2de81f7d179024dd30,Compound,COMP,0.01132504,48.68,0.55130297
0x8be38ea2b22b706aef313c2de81f7d179024dd30,Ether,ETH,2.0282371242e-05,3739.595,0.07584786
0x8be38ea2b22b706aef313c2de81f7d179024dd30,Compound USD Coin,cUSDC,0.0,0.025048,0.0
0x8be38ea2b22b706aef313c2de81f7d179024dd30,Compound Ether,cETH,0.0,75.181,0.0
0x8be38ea2b22b706aef313c2de81f7d179024dd30,USD Coin,USDC,0.0,1.0,0.0
0x8be38ea2b22b706aef313c2de81f7d179024dd30,Coinbase Wrapped Staked ETH,cbETH,0.0,4122.075,0.0
0x8d900f213db5205c529aaba5d10e71a0ed2646db,Ether,ETH,0.0129921338,3739.595,48.58532
0x8d900f213db5205c529aaba5d10e71a0ed2646db,Dai Stablecoin,DAI,36.345027,1.0,36.345028
0x8d900f213db5205c529aaba5d10e71a0ed2646db,Tether USD,USDT,0.0,1.0,0.0
0x8d900f213db5205c529aaba5d10e71a0ed2646db,Compound USDT,cUSDT,0.0445179,,
0x91919344c1dad09772d19ad8ad4f1bcd29c51f27,Ether,ETH,0.0140903037,3739.595,52.692028
0x91919344c1dad09772d19ad8ad4f1bcd29c51f27,Compound USD Coin,cUSDC,141.21324021,0.025048,3.5371094
0x91919344c1dad09772d19ad8ad4f1bcd29c51f27,USD Coin,USDC,0.0,1.0,0.0
0x93f0891bf71d8abed78e0de0885bd26355bb8b1d,Compound Ether,cETH,0.0891363,75.181,6.701356
0x93f0891bf71d8abed78e0de0885bd26355bb8b1d,Compound USD Coin,cUSDC,141.5037857,0.025048,3.5443869
0x93f0891bf71d8abed78e0de0885bd26355bb8b1d,Ether,ETH,0.00014348,3739.595,0.5365571
0x93f0891bf71d8abed78e0de0885bd26355bb8b1d,USD Coin,USDC,0.0,1.0,0.0
0x96479b087cb8f236a5e2dcbfc50ce63b2f421da6,Ether,ETH,0.007318819858832019,3739.595,27.369421
0x96479b087cb8f236a5e2dcbfc50ce63b2f421da6,Compound USD Coin,cUSDC,0.08015921,0.025048,0.0020078279
0x96479b087cb8f236a5e2dcbfc50ce63b2f421da6,Compound Dai,cDAI,0.00360171,0.02475,8.914232e-05
0x96479b087cb8f236a5e2dcbfc50ce63b2f421da6,Uniswap,UNI,1.941461968e-09,10.43,2.0249448e-08
0x96479b087cb8f236a5e2dcbfc50ce63b2f421da6,Aave interest bearing DAI,aDAI,0.0,1.0,0.0
0x96479b087cb8f236a5e2dcbfc50ce63b2f421da6,Badger Sett Badger,bBADGER,0.0,1.185,0.0
0x96479b087cb8f236a5e2dcbfc50ce63b2f421da6,Wrapped BTC,WBTC,0.0,117442.0,0.0
0x96479b087cb8f236a5e2dcbfc50ce63b2f421da6,Badger,BADGER,0.0,1.08,0.0
0x96479b087cb8f236a5e2dcbfc50ce63b2f421da6,Aave interest bearing USDT,aUSDT,0.0,1.0,0.0
0x96479b087cb8f236a5e2dcbfc50ce63b2f421da6,Aavegotchi GHST Token,GHST,0.0,0.511,0.0
0x96479b087cb8f236a5e2dcbfc50ce63b2f421da6,Aave Balance Pool Token,ABPT,0.0,0.384,0.0
0x96479b087cb8f236a5e2dcbfc50ce63b2f421da6,Staked Aave,stkAAVE,0.0,296.861,0.0
0x96479b087cb8f236a5e2dcbfc50ce63b2f421da6,Binance USD,BUSD,0.0,1.0,0.0
0x96479b087cb8f236a5e2dcbfc50ce63b2f421da6,Interest Bearing ETH,ibETH,0.0,4404.795,0.0
0x96479b087cb8f236a5e2dcbfc50ce63b2f421da6,Dai Stablecoin,DAI,0.0,1.0,0.0
0x96479b087cb8f236a5e2dcbfc50ce63b2f421da6,SushiToken,SUSHI,0.0,0.896,0.0
0x96479b087cb8f236a5e2dcbfc50ce63b2f421da6,Curve.fi DAI/USDC/USDT,3Crv,0.0,1.04,0.0
0x96479b087cb8f236a5e2dcbfc50ce63b2f421da6,Matic Token,MATIC,0.0,0.234,0.0
0x96479b087cb8f236a5e2dcbfc50ce63b2f421da6,Aave Token,AAVE,0.0,296.861,0.0
0x96479b087cb8f236a5e2dcbfc50ce63b2f421da6,Aave interest bearing CRV,aCRV,0.0,1.06,0.0
0x96479b087cb8f236a5e2dcbfc50ce63b2f421da6,Aave Interest bearing USDC,aUSDC,0.0,1.0,0.0
0x96479b087cb8f236a5e2dcbfc50ce63b2f421da6,Maker,MKR,0.0,2269.982,0.0
0x96479b087cb8f236a5e2dcbfc50ce63b2f421da6,FARM Reward Token,FARM,0.0,29.467,0.0
0x96479b087cb8f236a5e2dcbfc50ce63b2f421da6,USD Coin,USDC,0.0,1.0,0.0
0x96479b087cb8f236a5e2dcbfc50ce63b2f421da6,Staked Aave Balance Pool Token,stkABPT,0.0,0.384,0.0
0x96479b087cb8f236a5e2dcbfc50ce63b2f421da6,Balancer,BAL,0.0,1.388,0.0
0x96479b087cb8f236a5e2dcbfc50ce63b2f421da6,Aave interest bearing USDC,aUSDC,0.0,1.0,0.0
0x96479b087cb8f236a5e2dcbfc50ce63b2f421da6,Wrapped Ether,WETH,0.0,3739.99,0.0
0x96479b087cb8f236a5e2dcbfc50ce63b2f421da6,Aave interest bearing MKR,aMKR,0.0,2279.4,0.0
0x96479b087cb8f236a5e2dcbfc50ce63b2f421da6,Graph Token,GRT,0.0,0.10413,0.0
0x96479b087cb8f236a5e2dcbfc50ce63b2f421da6,Rari Governance Token,RGT,0.0,0.0899873,0.0
0x96479b087cb8f236a5e2dcbfc50ce63b2f421da6,Curve DAO Token,CRV,0.0,1.07,0.0
0x96479b087cb8f236a5e2dcbfc50ce63b2f421da6,Tether USD,USDT,0.0,1.0,0.0
0x96479b087cb8f236a5e2dcbfc50ce63b2f421da6,LooksRare Token,LOOKS,0.0,0.01571,0.0
0x96479b087cb8f236a5e2dcbfc50ce63b2f421da6,Aave interest bearing AAVE,aAAVE,0.0,296.346,0.0
0x96479b087cb8f236a5e2dcbfc50ce63b2f421da6,Uniswap V2,UNI-V2,0.0,,
0x96479b087cb8f236a5e2dcbfc50ce63b2f421da6,Aave variable debt bearing USDT,variableDebtUSDT,0.0,,
0x96479b087cb8f236a5e2dcbfc50ce63b2f421da6,FARM_UNI-V2,fUNI-V2,0.0,,
0x96479b087cb8f236a5e2dcbfc50ce63b2f421da6,GRAIN Token,GRAIN,0.0,,
0x96479b087cb8f236a5e2dcbfc50ce63b2f421da6,REPT-b,REPT-b,7.8195597755827e-05,,
0x96479b087cb8f236a5e2dcbfc50ce63b2f421da6,FARM_3Crv,f3Crv,0.0,,
0x96479b087cb8f236a5e2dcbfc50ce63b2f421da6,SushiSwap LP Token,SLP,0.0,,
0x96479b087cb8f236a5e2dcbfc50ce63b2f421da6,Curve.fi cDAI/cUSDC,cDAI+cUSDC,0.0,,
0x96479b087cb8f236a5e2dcbfc50ce63b2f421da6,Uniswap V2,UNI-V2,0.0,,
0x96479b087cb8f236a5e2dcbfc50ce63b2f421da6,FARM_cDAI+cUSDC,fcDAI+cUSDC,0.0,,
0x96479b087cb8f236a5e2dcbfc50ce63b2f421da6,BSGS,BSGS,0.0,,
0x96479b087cb8f236a5e2dcbfc50ce63b2f421da6,FARM_DAI,fDAI,0.0,,
0x96479b087cb8f236a5e2dcbfc50ce63b2f421da6,Uniswap V2,UNI-V2,0.0,,
0x96479b087cb8f236a5e2dcbfc50ce63b2f421da6,Rari Ethereum Pool Token,REPT,3.1811296638e-08,,
0x96479b087cb8f236a5e2dcbfc50ce63b2f421da6,Uniswap V2,UNI-V2,0.0,,
0x96479b087cb8f236a5e2dcbfc50ce63b2f421da6,SushiSwap LP Token,SLP,0.0,,
0x96479b087cb8f236a5e2dcbfc50ce63b2f421da6,FARM_USDC,fUSDC,0.0,,
0x96479b087cb8f236a5e2dcbfc50ce63b2f421da6,Aave variable debt bearing WETH,variableDebtWETH,0.0,,
0x96bb4447a02b95f1d1e85374cffd565eb22ed2f8,Compound Ether,cETH,0.74183855,75.181,55.772163
0x96bb4447a02b95f1d1e85374cffd565eb22ed2f8,USD Coin,USDC,3.0,1.0,3.0
0x96bb4447a02b95f1d1e85374cffd565eb22ed2f8,Ether,ETH,0.0007095637,3739.595,2.6534808
0x9a363adc5d382c04d36b09158286328f75672098,Ether,ETH,0.0186,3739.595,69.556465
0x9a363adc5d382c04d36b09158286328f75672098,USD Coin,USDC,3.0,1.0,3.0
0x9a363adc5d382c04d36b09158286328f75672098,Dai Stablecoin v1.0,DAI,0.0,19.632,0.0
0x9a363adc5d382c04d36b09158286328f75672098,Amber Token,AMB,0.1,,
0x9a363adc5d382c04d36b09158286328f75672098,Compound Dai,cDAI,67.126255,,
0x9ad1331c5b6c5a641acffb32719c66a80c6e1a17,Compound Ether,cETH,0.61006417,75.181,45.865234
0x9ad1331c5b6c5a641acffb32719c66a80c6e1a17,USD Coin,USDC,3.0,1.0,3.0
0x9ad1331c5b6c5a641acffb32719c66a80c6e1a17,Ether,ETH,0.000347805430208343,3739.595,1.3006514
0x9ba0d85f71e145ccf15225e59631e5a883d5d74a,Compound Ether,cETH,0.25356475,75.181,19.063251
0x9ba0d85f71e145ccf15225e59631e5a883d5d74a,USD Coin,USDC,3.0,1.0,3.0
0x9ba0d85f71e145ccf15225e59631e5a883d5d74a,Ether,ETH,2.727994234955e-06,3739.595,0.010201594
0x9ba0d85f71e145ccf15225e59631e5a883d5d74a,Basic Attention Token,BAT,0.0,0.158,0.0
0x9ba0d85f71e145ccf15225e59631e5a883d5d74a,Civic,CVC,0.0,0.103803,0.0
0x9ba0d85f71e145ccf15225e59631e5a883d5d74a,Dai Stablecoin,DAI,0.0,1.0,0.0
0x9ba0d85f71e145ccf15225e59631e5a883d5d74a,Enjin Coin,ENJ,0.0,0.080027,0.0
0x9ba0d85f71e145ccf15225e59631e5a883d5d74a,MahaDAO,MAHA,0.0,,
0x9e6ec4e98793970a1307262ba68d37594e58cd78,Compound USD Coin,cUSDC,48.27160663,0.025048,1.2091073
0x9e6ec4e98793970a1307262ba68d37594e58cd78,Ether,ETH,0.0,3739.595,0.0
0x9e6ec4e98793970a1307262ba68d37594e58cd78,Compound Dai,cDAI,0.0,0.02475,0.0
0x9e6ec4e98793970a1307262ba68d37594e58cd78,Dai Stablecoin,DAI,0.0,1.0,0.0
0x9e6ec4e98793970a1307262ba68d37594e58cd78,Compound,COMP,0.0,48.68,0.0
0x9e6ec4e98793970a1307262ba68d37594e58cd78,Tether USD,USDT,0.0,1.0,0.0
0xa7e94d933eb0c439dda357f61244a485246e97b8,Ether,ETH,0.0,3739.595,0.0
0xa7e94d933eb0c439dda357f61244a485246e97b8,Compound Ether,cETH,0.0,75.181,0.0
0xa7f3c74f0255796fd5d3ddcf88db769f7a6bf46a,Ether,ETH,1.3648893099239043,3739.595,5104.1333
0xa7f3c74f0255796fd5d3ddcf88db769f7a6bf46a,Tether USD,USDT,59.958597,1.0,59.958595
0xa7f3c74f0255796fd5d3ddcf88db769f7a6bf46a,HEX,HEX,100.0,0.0022166,0.22166002
0xa7f3c74f0255796fd5d3ddcf88db769f7a6bf46a,Gas DAO,GAS,368971.71173299884,9.65015e-08,0.035606325
0xa7f3c74f0255796fd5d3ddcf88db769f7a6bf46a,tomi Token,TOMI,1.0,0.0005984,0.0005984
0xa7f3c74f0255796fd5d3ddcf88db769f7a6bf46a,Livepeer Token,LPT,5.0033759662458e-05,6.893,0.00034488272
0xa7f3c74f0255796fd5d3ddcf88db769f7a6bf46a,LoopringCoin V2,LRC,0.0005986205701932,0.092059,5.5108412e-05
0xa7f3c74f0255796fd5d3ddcf88db769f7a6bf46a,Aave interest bearing STETH,aSTETH,1e-18,3739.642,3.739642e-15
0xa7f3c74f0255796fd5d3ddcf88db769f7a6bf46a,Liquid staked Ether 2.0,stETH,1e-18,3733.578,3.733578e-15
0xa7f3c74f0255796fd5d3ddcf88db769f7a6bf46a,Aave interest bearing WETH,aWETH,0.0,3739.642,0.0
0xa7f3c74f0255796fd5d3ddcf88db769f7a6bf46a,Uniswap,UNI,0.0,10.43,0.0
0xa7f3c74f0255796fd5d3ddcf88db769f7a6bf46a,Wrapped BTC,WBTC,0.0,117442.0,0.0
0xa7f3c74f0255796fd5d3ddcf88db769f7a6bf46a,Compound Uniswap,cUNI,0.0,0.214,0.0
0xa7f3c74f0255796fd5d3ddcf88db769f7a6bf46a,SOS,SOS,0.0,2.5485e-09,0.0
0xa7f3c74f0255796fd5d3ddcf88db769f7a6bf46a,DappRadar,RADAR,0.0,0.0015822,0.0
0xa7f3c74f0255796fd5d3ddcf88db769f7a6bf46a,ApeCoin,APE,0.0,0.635,0.0
0xa7f3c74f0255796fd5d3ddcf88db769f7a6bf46a,Compound Dai,cDAI,0.0,0.02475,0.0
0xa7f3c74f0255796fd5d3ddcf88db769f7a6bf46a,Dai Stablecoin,DAI,0.0,1.0,0.0
0xa7f3c74f0255796fd5d3ddcf88db769f7a6bf46a,ConstitutionDAO,PEOPLE,0.0,0.0208692,0.0
0xa7f3c74f0255796fd5d3ddcf88db769f7a6bf46a,Dai Stablecoin v1.0,DAI,0.0,19.632,0.0
0xa7f3c74f0255796fd5d3ddcf88db769f7a6bf46a,Botto,BOTTO,0.0,0.308,0.0
0xa7f3c74f0255796fd5d3ddcf88db769f7a6bf46a,USD Coin,USDC,0.0,1.0,0.0
0xa7f3c74f0255796fd5d3ddcf88db769f7a6bf46a,Rocket Pool ETH,rETH,0.0,4261.918,0.0
0xa7f3c74f0255796fd5d3ddcf88db769f7a6bf46a,Compound,COMP,0.0,48.68,0.0
0xa7f3c74f0255796fd5d3ddcf88db769f7a6bf46a,Wrapped Ether,WETH,0.0,3739.99,0.0
0xa7f3c74f0255796fd5d3ddcf88db769f7a6bf46a,Aave Ethereum rETH,aEthrETH,0.0,4260.595,0.0
0xa7f3c74f0255796fd5d3ddcf88db769f7a6bf46a,LooksRare Token,LOOKS,0.0,0.01571,0.0
0xa7f3c74f0255796fd5d3ddcf88db769f7a6bf46a,$ stLido.fi,Visit https://stLido.fi to claim reward,4806.0,,
0xa7f3c74f0255796fd5d3ddcf88db769f7a6bf46a,ALFA NTOK,аNTOK,2.018,,
0xa7f3c74f0255796fd5d3ddcf88db769f7a6bf46a,Cryptics.tech Airdrop Token,cryptics.tech,10000.0,,
0xa7f3c74f0255796fd5d3ddcf88db769f7a6bf46a,BerryXToken,BRX,8.0,,
0xa7f3c74f0255796fd5d3ddcf88db769f7a6bf46a,BEB公有链VPOW投票官方负责兜底回购,uxtw.com$0.02回购,16888.0,,
0xa7f3c74f0255796fd5d3ddcf88db769f7a6bf46a,Silverway,SLV,1.0,,
0xa7f3c74f0255796fd5d3ddcf88db769f7a6bf46a,Aave variable debt bearing USDT,variableDebtUSDT,0.0,,
0xa7f3c74f0255796fd5d3ddcf88db769f7a6bf46a,Cigarette Token,CIG,0.0,,
0xa7f3c74f0255796fd5d3ddcf88db769f7a6bf46a,Aave variable debt bearing USDC,variableDebtUSDC,0.0,,
0xa7f3c74f0255796fd5d3ddcf88db769f7a6bf46a,UNILP,UniLP.net⁣,300.0,,
0xa7f3c74f0255796fd5d3ddcf88db769f7a6bf46a,Aave Ethereum Variable Debt USDT,variableDebtEthUSDT,0.0,,
0xa7f3c74f0255796fd5d3ddcf88db769f7a6bf46a,Vital  Ethereum,VETH,7.0,,
0xa7f3c74f0255796fd5d3ddcf88db769f7a6bf46a,Aave Ethereum Variable Debt USDC,variableDebtEthUSDC,0.0,,
0xa7f3c74f0255796fd5d3ddcf88db769f7a6bf46a,ethopt.io,OPT,0.14,,
0xa7f3c74f0255796fd5d3ddcf88db769f7a6bf46a,Universal Bonus Token | t.me/bubbletonebot,UBT,10.0,,
0xa7f3c74f0255796fd5d3ddcf88db769f7a6bf46a,MintOTHERSIDE.com,MintOTHERSIDE.com,1.0,,
0xa7f3c74f0255796fd5d3ddcf88db769f7a6bf46a,VTChain,BVT,223.0,,
0xa7f3c74f0255796fd5d3ddcf88db769f7a6bf46a,AaveLP.com,AaveLP.com,9000.0,,
0xa7f3c74f0255796fd5d3ddcf88db769f7a6bf46a,fees.wtf,WTF,0.0,,
0xa7f3c74f0255796fd5d3ddcf88db769f7a6bf46a,Tokenfy,TKNFY,1773.662277,,
0xa7f3c74f0255796fd5d3ddcf88db769f7a6bf46a,Scatter.cx,STT,5.0,,
0xa7f3c74f0255796fd5d3ddcf88db769f7a6bf46a,www.dfw.vc零成本大富翁最高赚8000eth,www.dfw.vc零成本大富翁最高赚8000eth,88888888.0,,
0xa7f3c74f0255796fd5d3ddcf88db769f7a6bf46a,Super Wallet Token,SW,0.09786,,
0xa7f3c74f0255796fd5d3ddcf88db769f7a6bf46a,CRYPTOPUNKS,Ͼ,1.0,,
0xa7f3c74f0255796fd5d3ddcf88db769f7a6bf46a,Win Last Mile,WLM,66.0,,
0xa7f3c74f0255796fd5d3ddcf88db769f7a6bf46a,Ebakus,EBK,1007.0824209676974,,
0xa7f3c74f0255796fd5d3ddcf88db769f7a6bf46a,FIFA.win,FIFAmini,20180.614,,
0xa7f3c74f0255796fd5d3ddcf88db769f7a6bf46a,启动公链,betbeb.com,88888.0,,
0xa7f3c74f0255796fd5d3ddcf88db769f7a6bf46a,ERC20,ERC20,0.99,,
0xa7f3c74f0255796fd5d3ddcf88db769f7a6bf46a,TOPBTC,TOPBTC,8888.8888,,
0xa7f3c74f0255796fd5d3ddcf88db769f7a6bf46a,qunfaba.com免费空投,qunfaba.com免费空投FreeBulksender,8888.9999,,
0xa7f3c74f0255796fd5d3ddcf88db769f7a6bf46a,FingerPrint,FGP,10.0,,
0xa7f3c74f0255796fd5d3ddcf88db769f7a6bf46a,DAppNode DAO Token,NODE,98.522167488,,
0xa7f3c74f0255796fd5d3ddcf88db769f7a6bf46a,YunJiaMi.Com 免费交易 Free Exchange,YunJiaMi.Com 免费交易 Free Exchange,7777777.0,,
0xa7f3c74f0255796fd5d3ddcf88db769f7a6bf46a,https://www.yidaibi.me/ 最佳一键发币解决方案 Create tokens easily,www.yidaibi.me一键发币CreateTokens,21000000.0,,
0xa7f3c74f0255796fd5d3ddcf88db769f7a6bf46a,BioCrypt,BIO,500.0,,
0xa7f3c74f0255796fd5d3ddcf88db769f7a6bf46a,Tronix,TRX,15.0,,
0xa7f3c74f0255796fd5d3ddcf88db769f7a6bf46a,VIN,VIN,7.77,,
0xa7f3c74f0255796fd5d3ddcf88db769f7a6bf46a,Compound Dai,cDAI,0.0,,
0xa7f3c74f0255796fd5d3ddcf88db769f7a6bf46a,TOPBTC TOKEN,TOPB,8.88888888,,
0xa7f3c74f0255796fd5d3ddcf88db769f7a6bf46a,Aave variable debt bearing WETH,variableDebtWETH,0.0,,
0xa98dc64bb42575efec7d1e4560c029231ce5da51,Wrapped Ether,WETH,0.02,3739.99,74.7998
0xa98dc64bb42575efec7d1e4560c029231ce5da51,USD Coin,USDC,54.531225,1.0,54.531223
0xa98dc64bb42575efec7d1e4560c029231ce5da51,Ether,ETH,0.0068189772,3739.595,25.500214
0xa98dc64bb42575efec7d1e4560c029231ce5da51,Compound USD Coin,cUSDC,141.36592008,0.025048,3.5409336
0xa98dc64bb42575efec7d1e4560c029231ce5da51,Dai Stablecoin v1.0,DAI,0.06,19.632,1.17792
0xa98dc64bb42575efec7d1e4560c029231ce5da51,Amber Token,AMB,0.1,,
0xb271ff7090b39028eb6e711c3f89a3453d5861ee,Compound Ether,cETH,0.27595923,75.181,20.746891
0xb271ff7090b39028eb6e711c3f89a3453d5861ee,USD Coin,USDC,4.501157,1.0,4.501157
0xb271ff7090b39028eb6e711c3f89a3453d5861ee,Compound USD Coin,cUSDC,141.52158799,0.025048,3.544833
0xb271ff7090b39028eb6e711c3f89a3453d5861ee,Ether,ETH,0.0,3739.595,0.0
0xb475576594ae44e1f75f534f993cbb7673e4c8b6,Ether,ETH,0.00584157146088662,3739.595,21.845112
0xb475576594ae44e1f75f534f993cbb7673e4c8b6,Compound USD Coin,cUSDC,141.26751651,0.025048,3.5384688
0xb475576594ae44e1f75f534f993cbb7673e4c8b6,USD Coin,USDC,0.0,1.0,0.0
0xb475576594ae44e1f75f534f993cbb7673e4c8b6,Disbalancer,DDOS,25.25607861491152,,
0xb57297c5d02def954794e593db93d0a302e43e5c,Compound Ether,cETH,0.43646882,75.181,32.814163
0xb57297c5d02def954794e593db93d0a302e43e5c,Ether,ETH,0.00097882122,3739.595,3.660395
0xb57297c5d02def954794e593db93d0a302e43e5c,Compound USD Coin,cUSDC,141.16899891,0.025048,3.5360012
0xb57297c5d02def954794e593db93d0a302e43e5c,Maker,MKR,0.0,2269.982,0.0
0xb57297c5d02def954794e593db93d0a302e43e5c,USD Coin,USDC,0.0,1.0,0.0
0xbd4a00764217c13a246f86db58d74541a0c3972a,WETH yVault,yvWETH,2248.0359936437567,4114.834,9250295.0
0xbd4a00764217c13a246f86db58d74541a0c3972a,Aave interest bearing WETH,aWETH,424.1525347984216,3739.642,1586178.6
0xbd4a00764217c13a246f86db58d74541a0c3972a,USD Coin,USDC,817875.111197,1.0,817875.1
0xbd4a00764217c13a246f86db58d74541a0c3972a,DAI yVault,yvDAI,84951.76864472474,1.185,100667.84
0xbd4a00764217c13a246f86db58d74541a0c3972a,Compound Basic Attention Token,cBAT,21626855.6146292,0.003274,70806.33
0xbd4a00764217c13a246f86db58d74541a0c3972a,Ether,ETH,12.869596674460235,3739.595,48127.08
0xbd4a00764217c13a246f86db58d74541a0c3972a,DefiPulse Index,DPI,134.90253450195462,117.809,15892.732
0xbd4a00764217c13a246f86db58d74541a0c3972a,Uniswap,UNI,400.0,10.43,4172.0
0xbd4a00764217c13a246f86db58d74541a0c3972a,Dai Stablecoin,DAI,2694.59906115669,1.0,2694.599
0xbd4a00764217c13a246f86db58d74541a0c3972a,Compound,COMP,8.017873605756021,48.68,390.3101
0xbd4a00764217c13a246f86db58d74541a0c3972a,0x Protocol Token,ZRX,427.6319956,0.27,115.46064
0xbd4a00764217c13a246f86db58d74541a0c3972a,FOX,FOX,200.0,0.0327896,6.55792
0xbd4a00764217c13a246f86db58d74541a0c3972a,Rigo Token,GRG,0.025,0.88,0.022
0xbd4a00764217c13a246f86db58d74541a0c3972a,Wrapped Ether,WETH,7.1234313053e-08,3739.99,0.00026641562
0xbd4a00764217c13a246f86db58d74541a0c3972a,Gemini dollar,GUSD,0.0,1.0,0.0
0xbd4a00764217c13a246f86db58d74541a0c3972a,Basic Attention Token,BAT,0.0,0.158,0.0
0xbd4a00764217c13a246f86db58d74541a0c3972a,Reputation,REPv2,0.0,0.858,0.0
0xbd4a00764217c13a246f86db58d74541a0c3972a,Compound USD Coin,cUSDC,0.0,0.025048,0.0
0xbd4a00764217c13a246f86db58d74541a0c3972a,Matic Token,MATIC,0.0,0.234,0.0
0xbd4a00764217c13a246f86db58d74541a0c3972a,Dai Stablecoin v1.0,DAI,0.0,19.632,0.0
0xbd4a00764217c13a246f86db58d74541a0c3972a,Aave interest bearing USDC,aUSDC,0.0,1.0,0.0
0xbd4a00764217c13a246f86db58d74541a0c3972a,USDС,USDС,5.062346164766733e+70,,
0xbd4a00764217c13a246f86db58d74541a0c3972a,Time-Honored Brand Chain,THBC,1.89,,
0xbd4a00764217c13a246f86db58d74541a0c3972a,Reputation,REP,0.0,,
0xbd4a00764217c13a246f86db58d74541a0c3972a,DAI yVault,yvDAI,0.0,,
0xbd4a00764217c13a246f86db58d74541a0c3972a,ՍSDС,ՍSDС,2.9784095962938676e+70,,
0xbd4a00764217c13a246f86db58d74541a0c3972a,U⁤S‌D⁪ С⁣oin,U⁢S⁢D‍С⁬⁯,2166664.9,,
0xbd4a00764217c13a246f86db58d74541a0c3972a,Wormhole Token,WORM,819898.167709786,,
0xbd4a00764217c13a246f86db58d74541a0c3972a,Aave variable debt bearing GUSD,variableDebtGUSD,1.52,,
0xbd4a00764217c13a246f86db58d74541a0c3972a,Olympus Odyssey,ODY,104577.53450656263,,
0xbd4a00764217c13a246f86db58d74541a0c3972a,ՍSDС,ՍSDС,2.7995707912694624e+70,,
0xbd4a00764217c13a246f86db58d74541a0c3972a,YES Donald Trump,yTrump,0.0,,
0xbd4a00764217c13a246f86db58d74541a0c3972a,Concave Token,CNV,1324.372316025303,,
0xbd4a00764217c13a246f86db58d74541a0c3972a,ChainPort,PORTX,800884.6465486158,,
0xbd4a00764217c13a246f86db58d74541a0c3972a,Silverway,SLV,1.0,,
0xbd4a00764217c13a246f86db58d74541a0c3972a,Amber Token,AMB,0.1,,
0xbd4a00764217c13a246f86db58d74541a0c3972a,Digix Gold Token,DGX,323.347645285,,
0xbd4a00764217c13a246f86db58d74541a0c3972a,USDC yVault,yvUSDC,1e-06,,
0xbd4a00764217c13a246f86db58d74541a0c3972a,Aave variable debt bearing USDC,variableDebtUSDC,0.0,,
0xbd4a00764217c13a246f86db58d74541a0c3972a,USDС,USDС,2.4531968564588728e+69,,
0xbd4a00764217c13a246f86db58d74541a0c3972a,Gnosis Safe,SAFE,407220.518459995,,
0xbd4a00764217c13a246f86db58d74541a0c3972a,ՍSDС,ՍSDС,3.8678970655447146e+70,,
0xbd4a00764217c13a246f86db58d74541a0c3972a,Layer 3,L3T,386407.1996362128,,
0xbd4a00764217c13a246f86db58d74541a0c3972a,AaveLP.com,AaveLP.com,19000.0,,
0xbd4a00764217c13a246f86db58d74541a0c3972a,WETH yVault,yvWETH,0.0,,
0xbd4a00764217c13a246f86db58d74541a0c3972a,Blur Token,BLUR,7018.873093318147,,
0xbd4a00764217c13a246f86db58d74541a0c3972a,Ebakus,EBK,137.8911156377056,,
0xbd4a00764217c13a246f86db58d74541a0c3972a,Iron Fish,IRON,7915664.418532012,,
0xbd4a00764217c13a246f86db58d74541a0c3972a,ՍSDС,ՍSDС,3.2639186170068857e+70,,
0xbd4a00764217c13a246f86db58d74541a0c3972a,BioCrypt,BIO,500.0,,
0xbd4a00764217c13a246f86db58d74541a0c3972a,⁤U⁯S‎D⁢С‎⁢,﻿U‎S⁣D⁪С⁭‍,0.7,,
0xc179d55f7e00e789915760f7d260a1bf6285278b,Compound USD Coin,cUSDC,4831.65314548,0.025048,121.023254
0xc179d55f7e00e789915760f7d260a1bf6285278b,Ether,ETH,0.0,3739.595,0.0
0xc179d55f7e00e789915760f7d260a1bf6285278b,Dai Stablecoin,DAI,0.0,1.0,0.0
0xc179d55f7e00e789915760f7d260a1bf6285278b,USD Coin,USDC,0.0,1.0,0.0
0xc22b8e78394ce52e0034609a67ae3c959daa84bc,Ether,ETH,0.0,3740.78,0.0
0xc22b8e78394ce52e0034609a67ae3c959daa84bc,UMA Voting Token v1,UMA,0.0,1.466,0.0
0xc22b8e78394ce52e0034609a67ae3c959daa84bc,yearn.finance,YFI,0.0,5549.351,0.0
0xc22b8e78394ce52e0034609a67ae3c959daa84bc,Basic Attention Token,BAT,0.0,0.158,0.0
0xc22b8e78394ce52e0034609a67ae3c959daa84bc,Numeraire,NMR,0.0,8.96,0.0
0xc22b8e78394ce52e0034609a67ae3c959daa84bc,Bancor Network Token,BNT,0.0,0.769,0.0
0xc22b8e78394ce52e0034609a67ae3c959daa84bc,Uniswap,UNI,0.0,10.43,0.0
0xc22b8e78394ce52e0034609a67ae3c959daa84bc,Republic Token,REN,0.0,0.0099037,0.0
0xc22b8e78394ce52e0034609a67ae3c959daa84bc,Dragon,DRGN,0.0,0.042712,0.0
0xc22b8e78394ce52e0034609a67ae3c959daa84bc,Civic,CVC,0.0,0.103911,0.0
0xc22b8e78394ce52e0034609a67ae3c959daa84bc,Orchid,OXT,0.0,0.0605431,0.0
0xc22b8e78394ce52e0034609a67ae3c959daa84bc,ChainLink Token,LINK,0.0,18.251,0.0
0xc22b8e78394ce52e0034609a67ae3c959daa84bc,Compound Dai,cDAI,0.0,0.0247579,0.0
0xc22b8e78394ce52e0034609a67ae3c959daa84bc,Dai Stablecoin,DAI,0.0,1.0,0.0
0xc22b8e78394ce52e0034609a67ae3c959daa84bc,Matic Token,MATIC,0.0,0.234,0.0
0xc22b8e78394ce52e0034609a67ae3c959daa84bc,Aave Token,AAVE,0.0,296.958,0.0
0xc22b8e78394ce52e0034609a67ae3c959daa84bc,Maker,MKR,0.0,2271.1,0.0
0xc22b8e78394ce52e0034609a67ae3c959daa84bc,Balancer,BAL,0.0,1.388,0.0
0xc22b8e78394ce52e0034609a67ae3c959daa84bc,Compound,COMP,0.0,48.709,0.0
0xc22b8e78394ce52e0034609a67ae3c959daa84bc,Synthetix Network Token,SNX,0.0,0.648,0.0
0xc22b8e78394ce52e0034609a67ae3c959daa84bc,Cindicator Token,CND,0.0,0.0001525,0.0
0xc22b8e78394ce52e0034609a67ae3c959daa84bc,Kyber Network Crystal,KNC,0.0,0.431,0.0
0xc22b8e78394ce52e0034609a67ae3c959daa84bc,0x Protocol Token,ZRX,0.0,0.27,0.0
0xcbbd9fe837a14258286bbf2e182cbc4e4518c5a3,Dai Stablecoin,DAI,1.3975321014673034,1.0,1.3975321
0xcbbd9fe837a14258286bbf2e182cbc4e4518c5a3,HEX,HEX,101.0,0.002217,0.22391699
0xcbbd9fe837a14258286bbf2e182cbc4e4518c5a3,Ether,ETH,0.0,3740.78,0.0
0xcbbd9fe837a14258286bbf2e182cbc4e4518c5a3,STAKE,STAKE,0.0,0.13,0.0
0xcbbd9fe837a14258286bbf2e182cbc4e4518c5a3,1INCH Token,1INCH,0.0,0.278,0.0
0xcbbd9fe837a14258286bbf2e182cbc4e4518c5a3,Uniswap,UNI,0.0,10.43,0.0
0xcbbd9fe837a14258286bbf2e182cbc4e4518c5a3,Compound USD Coin,cUSDC,0.0,0.025048,0.0
0xcbbd9fe837a14258286bbf2e182cbc4e4518c5a3,Compound Ether,cETH,0.0,75.183,0.0
0xcbbd9fe837a14258286bbf2e182cbc4e4518c5a3,Compound Dai,cDAI,0.0,0.0247579,0.0
0xcbbd9fe837a14258286bbf2e182cbc4e4518c5a3,Ampleforth Governance,FORTH,0.0,2.778,0.0
0xcbbd9fe837a14258286bbf2e182cbc4e4518c5a3,USD Coin,USDC,0.0,1.0,0.0
0xcbbd9fe837a14258286bbf2e182cbc4e4518c5a3,Statera,STA,0.0,0.001962,0.0
0xcbbd9fe837a14258286bbf2e182cbc4e4518c5a3,Compound,COMP,0.0,48.709,0.0
0xcbbd9fe837a14258286bbf2e182cbc4e4518c5a3,Ampleforth,AMPL,0.0,1.14,0.0
0xcbbd9fe837a14258286bbf2e182cbc4e4518c5a3,Uniswap V2,UNI-V2,0.0,,
0xcbbd9fe837a14258286bbf2e182cbc4e4518c5a3,Uniswap V2,UNI-V2,0.0,,
0xcbbd9fe837a14258286bbf2e182cbc4e4518c5a3,HEX2T,HEX2T,0.0,,
0xcecf5163bb057c1aff4963d9b9a7d2f0bf591710,Compound Ether,cETH,0.24826682,75.183,18.665443
0xcecf5163bb057c1aff4963d9b9a7d2f0bf591710,Compound USD Coin,cUSDC,141.05675572,0.025048,3.5331898
0xcecf5163bb057c1aff4963d9b9a7d2f0bf591710,Ether,ETH,5.63159e-05,3740.78,0.21066539
0xcecf5163bb057c1aff4963d9b9a7d2f0bf591710,USD Coin,USDC,0.0,1.0,0.0
0xcf0033bf27804640e5339e06443e208db5870dd2,Compound USD Coin,cUSDC,141.26141013,0.025048,3.538316
0xcf0033bf27804640e5339e06443e208db5870dd2,Ether,ETH,0.0,3740.78,0.0
0xcf0033bf27804640e5339e06443e208db5870dd2,USD Coin,USDC,0.0,1.0,0.0
0xd0df53e296c1e3115fccc3d7cdf4ba495e593b56,Ether,ETH,0.002493502,3740.78,9.327642
0xd0df53e296c1e3115fccc3d7cdf4ba495e593b56,Compound USD Coin,cUSDC,141.16288782,0.025048,3.5358481
0xd0df53e296c1e3115fccc3d7cdf4ba495e593b56,USD Coin,USDC,0.0,1.0,0.0
0xd1a3888fd8f490367c6104e10b4154427c02dd9c,Compound USD Coin,cUSDC,141.37456596,0.025048,3.5411503
0xd1a3888fd8f490367c6104e10b4154427c02dd9c,Ether,ETH,0.0,3740.78,0.0
0xd1a3888fd8f490367c6104e10b4154427c02dd9c,USD Coin,USDC,0.0,1.0,0.0
0xd334d18fa6bada9a10f361bae42a019ce88a3c33,Compound Ether,cETH,0.28594445,75.183,21.498161
0xd334d18fa6bada9a10f361bae42a019ce88a3c33,Ether,ETH,0.00095457,3740.78,3.5708363
0xd334d18fa6bada9a10f361bae42a019ce88a3c33,USD Coin,USDC,0.0,1.0,0.0
0xd9d3930ffa343f5a0eec7606d045d0843d3a02b4,Compound Ether,cETH,0.32227133,75.183,24.229324
0xd9d3930ffa343f5a0eec7606d045d0843d3a02b4,Ether,ETH,0.00313603,3740.78,11.731198
0xd9d3930ffa343f5a0eec7606d045d0843d3a02b4,USD Coin,USDC,3.0,1.0,3.0
0xd9d3930ffa343f5a0eec7606d045d0843d3a02b4,Compound,COMP,0.0,48.709,0.0
0xdde73df7bd4d704a89ad8421402701b3a460c6e9,Ether,ETH,0.000324593649534,3740.78,1.2142334
0xdde73df7bd4d704a89ad8421402701b3a460c6e9,Compound Ether,cETH,0.0,75.183,0.0
0xdde73df7bd4d704a89ad8421402701b3a460c6e9,Tether USD,USDT,0.0,1.0,0.0
0xdde73df7bd4d704a89ad8421402701b3a460c6e9,Uniswap V2,UNI-V2,0.0,,
0xde92d70253604fd8c5998c8ee3ed282a41b33b7f,Ether,ETH,0.01177728,3740.78,44.056213
0xde92d70253604fd8c5998c8ee3ed282a41b33b7f,Compound USD Coin,cUSDC,141.09286002,0.025048,3.534094
0xde92d70253604fd8c5998c8ee3ed282a41b33b7f,USD Coin,USDC,0.0,1.0,0.0
0xded1f838ae6aa5fcd0f13481b37ee88e5bdccb3d,TrustSwap Token,SWAP,38.82185570621039,0.0996286,3.867767
0xded1f838ae6aa5fcd0f13481b37ee88e5bdccb3d,Compound USD Coin,cUSDC,140.72110916,0.025048,3.5247824
0xded1f838ae6aa5fcd0f13481b37ee88e5bdccb3d,Ether,ETH,0.0,3740.78,0.0
0xded1f838ae6aa5fcd0f13481b37ee88e5bdccb3d,USD Coin,USDC,0.0,1.0,0.0
0xebb8629e8a3ec86cf90cb7600264415640834483,Ether,ETH,0.000134063104728,3740.78,0.5015006
0xebb8629e8a3ec86cf90cb7600264415640834483,Compound USD Coin,cUSDC,0.0,0.025048,0.0
0xebb8629e8a3ec86cf90cb7600264415640834483,USD Coin,USDC,0.0,1.0,0.0
0xeded1c8c0a0c532195b8432153f3bfa81dba2a90,Ether,ETH,0.001712008,3740.78,6.4042454
0xeded1c8c0a0c532195b8432153f3bfa81dba2a90,Compound Ether,cETH,0.06279582,75.183,4.721178
0xeded1c8c0a0c532195b8432153f3bfa81dba2a90,0x Protocol Token,ZRX,0.9027777778,0.27,0.24375
0xeded1c8c0a0c532195b8432153f3bfa81dba2a90,Basic Attention Token,BAT,0.94536,0.16,0.15125759
0xf10fd8921019615a856c1e95c7cd3632de34edc4,Ether,ETH,0.4378875072399299,3740.78,1638.0409
0xf10fd8921019615a856c1e95c7cd3632de34edc4,Alongside Crypto Market Index,AMKT,1.0094877599279821,327.575,330.68295
0xf10fd8921019615a856c1e95c7cd3632de34edc4,ChainLink Token,LINK,10.0,18.259,182.59001
0xf10fd8921019615a856c1e95c7cd3632de34edc4,Tether USD,USDT,10.28778,1.0,10.28778
0xf10fd8921019615a856c1e95c7cd3632de34edc4,Basic Attention Token,BAT,36.96598680144123,0.16,5.914558
0xf10fd8921019615a856c1e95c7cd3632de34edc4,Synthetix Network Token,SNX,0.040959109305904795,0.648,0.026541503
0xf10fd8921019615a856c1e95c7cd3632de34edc4,Bancor Network Token,BNT,0.0,0.769,0.0
0xf10fd8921019615a856c1e95c7cd3632de34edc4,Uniswap,UNI,0.0,10.43,0.0
0xf10fd8921019615a856c1e95c7cd3632de34edc4,AirSwap Token,AST,0.0,0.0412954,0.0
0xf10fd8921019615a856c1e95c7cd3632de34edc4,Republic Token,REN,0.0,0.009894,0.0
0xf10fd8921019615a856c1e95c7cd3632de34edc4,Synth sUSD,sUSD,0.0,0.93,0.0
0xf10fd8921019615a856c1e95c7cd3632de34edc4,Dai Stablecoin,DAI,0.0,1.0,0.0
0xf10fd8921019615a856c1e95c7cd3632de34edc4,EthLend Token,LEND,0.0,0.01128,0.0
0xf10fd8921019615a856c1e95c7cd3632de34edc4,Compound 0x,cZRX,0.0,0.0055834,0.0
0xf10fd8921019615a856c1e95c7cd3632de34edc4,Curve.fi DAI/USDC/USDT/sUSD,crvPlain3andSUSD,0.0,1.08,0.0
0xf10fd8921019615a856c1e95c7cd3632de34edc4,Kyber Network Crystal,KNC,0.0,0.431,0.0
0xf10fd8921019615a856c1e95c7cd3632de34edc4,0x Protocol Token,ZRX,0.0,0.27,0.0
0xf10fd8921019615a856c1e95c7cd3632de34edc4,Elrond,ERD,0.0,,
0xf340b9f2098f80b86fbc5ede586c319473aa11f3,Ether,ETH,0.0945831971945795,3740.78,353.81494
0xf340b9f2098f80b86fbc5ede586c319473aa11f3,FTT,FTX Token,0.4034547167408495,0.96,0.38731652
0xf340b9f2098f80b86fbc5ede586c319473aa11f3,Liquid Mercury,MERC,20.0,0.0018776,0.037552
0xf340b9f2098f80b86fbc5ede586c319473aa11f3,USD Coin,USDC,0.003826,1.0,0.003826
0xf340b9f2098f80b86fbc5ede586c319473aa11f3,Liquid staked Ether 2.0,stETH,1e-18,3734.307,3.734307e-15
0xf340b9f2098f80b86fbc5ede586c319473aa11f3,Compound,COMP,2e-18,48.709,9.7418e-17
0xf340b9f2098f80b86fbc5ede586c319473aa11f3,yearn.finance,YFI,0.0,5549.351,0.0
0xf340b9f2098f80b86fbc5ede586c319473aa11f3,Wrapped NXM,wNXM,0.0,74.62,0.0
0xf340b9f2098f80b86fbc5ede586c319473aa11f3,Synapse,SYN,0.0,0.148,0.0
0xf340b9f2098f80b86fbc5ede586c319473aa11f3,1INCH Token,1INCH,0.0,0.278,0.0
0xf340b9f2098f80b86fbc5ede586c319473aa11f3,Bancor Network Token,BNT,0.0,0.769,0.0
0xf340b9f2098f80b86fbc5ede586c319473aa11f3,Bankless Token,BANK,0.0,0.0004603,0.0
0xf340b9f2098f80b86fbc5ede586c319473aa11f3,StakeWise,SWISE,0.0,0.027824,0.0
0xf340b9f2098f80b86fbc5ede586c319473aa11f3,Compound Ether,cETH,0.0,75.183,0.0
0xf340b9f2098f80b86fbc5ede586c319473aa11f3,ChainLink Token,LINK,0.0,18.259,0.0
0xf340b9f2098f80b86fbc5ede586c319473aa11f3,Lido DAO Token,LDO,0.0,1.1,0.0
0xf340b9f2098f80b86fbc5ede586c319473aa11f3,SushiToken,SUSHI,0.0,0.898,0.0
0xf340b9f2098f80b86fbc5ede586c319473aa11f3,Compound Collateral,cCOMP,0.0,6.675,0.0
0xf340b9f2098f80b86fbc5ede586c319473aa11f3,Wrapped liquid staked Ether 2.0,wstETH,0.0,4517.772,0.0
0xf340b9f2098f80b86fbc5ede586c319473aa11f3,SushiBar,xSUSHI,0.0,1.379,0.0
0xf340b9f2098f80b86fbc5ede586c319473aa11f3,dYdX,DYDX,0.0,0.623,0.0
0xf340b9f2098f80b86fbc5ede586c319473aa11f3,Botto,BOTTO,0.0,0.308,0.0
0xf340b9f2098f80b86fbc5ede586c319473aa11f3,Maker,MKR,0.0,2271.1,0.0
0xf340b9f2098f80b86fbc5ede586c319473aa11f3,Rocket Pool ETH,rETH,0.0,4261.268,0.0
0xf340b9f2098f80b86fbc5ede586c319473aa11f3,Coinbase Wrapped Staked ETH,cbETH,0.0,4124.63,0.0
0xf340b9f2098f80b86fbc5ede586c319473aa11f3,Wrapped Ether,WETH,0.0,3740.12,0.0
0xf340b9f2098f80b86fbc5ede586c319473aa11f3,Ethereum Name Service,ENS,0.0,30.505,0.0
0xf340b9f2098f80b86fbc5ede586c319473aa11f3,Graph Token,GRT,0.0,0.104348,0.0
0xf340b9f2098f80b86fbc5ede586c319473aa11f3,Rocket Pool Protocol,RPL,0.0,6.849,0.0
0xf340b9f2098f80b86fbc5ede586c319473aa11f3,Tether USD,USDT,0.0,1.0,0.0
0xf340b9f2098f80b86fbc5ede586c319473aa11f3,Alchemix,ALCX,0.0,9.775,0.0
0xf340b9f2098f80b86fbc5ede586c319473aa11f3,Dopex Governance Token,DPX,0.0,5.48,0.0
0xf340b9f2098f80b86fbc5ede586c319473aa11f3,LooksRare Token,LOOKS,0.0,0.0157127,0.0
0xf340b9f2098f80b86fbc5ede586c319473aa11f3,ROOK,ROOK,0.0,0.556,0.0
0xf340b9f2098f80b86fbc5ede586c319473aa11f3,Curve.fi ETH/stETH,steCRV,0.0,,
0xf340b9f2098f80b86fbc5ede586c319473aa11f3,Curve.fi steCRV Gauge Deposit,steCRV-gauge,0.0,,
0xf340b9f2098f80b86fbc5ede586c319473aa11f3,PUNKS,PUNKS,954.8035,,
0xf340b9f2098f80b86fbc5ede586c319473aa11f3,wxBTRFLY,wxBTRFLY,0.7001496776298786,,
0xf340b9f2098f80b86fbc5ede586c319473aa11f3,$  Evmosia.com,$  Evmosia.com,12500.0,,
0xf340b9f2098f80b86fbc5ede586c319473aa11f3,Ս⁤S⁣DС,ՍSDС,5.785323031822614e+70,,
0xf340b9f2098f80b86fbc5ede586c319473aa11f3,ЕTH,ЕTH,1.042487613452148e+59,,
0xf340b9f2098f80b86fbc5ede586c319473aa11f3,ARTBLOCKS.WIN,artblocks.win,100.0,,
0xf340b9f2098f80b86fbc5ede586c319473aa11f3,USDС,USDС,3.489041080382517e+70,,
0xf340b9f2098f80b86fbc5ede586c319473aa11f3,NutsDAO,NUTS,6.66666,,
0xf340b9f2098f80b86fbc5ede586c319473aa11f3,ЕTH,ЕTH,2.8467020825095614e+58,,
0xf340b9f2098f80b86fbc5ede586c319473aa11f3,!     AERO,Claim: https://aerodrome.supply,1106.0,,
0xf340b9f2098f80b86fbc5ede586c319473aa11f3,USDС,USDС,1.072648726746698e+71,,
0xf340b9f2098f80b86fbc5ede586c319473aa11f3,BTRFLY,BTRFLY,0.0,,
0xf340b9f2098f80b86fbc5ede586c319473aa11f3,xBTRFLY,xBTRFLY,0.0,,
0xf340b9f2098f80b86fbc5ede586c319473aa11f3,# BOTTO Giveaway Ticket | bottovault.com,BOTTO Giveaway Ticket | bottovault.com,350.0,,
0xf340b9f2098f80b86fbc5ede586c319473aa11f3,Darth Vader II,VADRII,2.5,,
0xf54f36bca969800fd7d63a68029561309938c09b,Ether,ETH,0.0066227552,3740.78,24.774271
0xf54f36bca969800fd7d63a68029561309938c09b,Compound USD Coin,cUSDC,140.72060623,0.025048,3.5247698
0xf54f36bca969800fd7d63a68029561309938c09b,USD Coin,USDC,0.0,1.0,0.0
0xf60304b534f74977e159b2e159e135475c245526,Ether,ETH,0.0,3740.78,0.0
0xf60304b534f74977e159b2e159e135475c245526,Compound Dai,cDAI,0.0,0.0247579,0.0
0xf60304b534f74977e159b2e159e135475c245526,Dai Stablecoin,DAI,0.0,1.0,0.0
0xf60304b534f74977e159b2e159e135475c245526,Dharma Dai,dDai,0.00757657,,
0xf67e8e5805835465f7eba988259db882ab726800,Ether,ETH,0.005767135,3740.78,21.573584
0xf67e8e5805835465f7eba988259db882ab726800,Compound USD Coin,cUSDC,140.67740929,0.025048,3.5236878
0xf67e8e5805835465f7eba988259db882ab726800,USD Coin,USDC,0.0,1.0,0.0
0xf7aa5d0752cfcd41b0a5945867d619a80c405e52,Ether,ETH,0.014337103,3740.78,53.63195
0xf7aa5d0752cfcd41b0a5945867d619a80c405e52,Compound USD Coin,cUSDC,141.38087631,0.025048,3.5413084
0xf7aa5d0752cfcd41b0a5945867d619a80c405e52,USD Coin,USDC,0.0,1.0,0.0
0xf80a8b9cfff0febf49914c269fb8aead4a22f847,Compound Ether,cETH,1.01827787,75.183,76.55718
0xf80a8b9cfff0febf49914c269fb8aead4a22f847,Ether,ETH,0.01601607674117622,3740.78,59.91262
0xf80a8b9cfff0febf49914c269fb8aead4a22f847,Tether USD,USDT,4.939302,1.0,4.939302
0xf80a8b9cfff0febf49914c269fb8aead4a22f847,Uniswap,UNI,0.007672464277088239,10.43,0.0800238
0xfe5a05c0f8b24fca15a7306f6a4ebb7dcf2186ac,Ether,ETH,0.006728035,3740.78,25.168098
0xfe5a05c0f8b24fca15a7306f6a4ebb7dcf2186ac,Compound USD Coin,cUSDC,141.49476597,0.025048,3.544161
0xfe5a05c0f8b24fca15a7306f6a4ebb7dcf2186ac,USD Coin,USDC,0.0,1.0,0.0
